id,posX,posY,blast_name,blast_code,value,date
1,41.7662205,-8.5065208,Obedient Plant,1P6Cx7ro29VLizCmofZGAzeytGsmZqqpsL,95.72,04/18/2024
2,4.1874673,19.8752578,Birdwing Treefern,17Qre6X7wXBNB5VWTUiBEQUoJQx7BvbJvU,86.31,08/31/2023
3,-6.5322356,105.652983,Brazilian Firetree,1M3Mjh5JFddEusDDvbrEX6VcG1qYRmsS8P,89.5,07/31/2023
4,51.7930978,23.528792,Gray's Bedstraw,15pKdk1tq38yHuY87npuzobhJ7kqYWmURn,97.78,11/30/2023
5,41.8457984,-8.4193536,Tamarack,1MDEe8AbjpA64VykbP1LZHsjpynpMLpxsJ,76.83,01/23/2024
6,21.270702,110.359368,Alpine Collomia,1Bm32DU2MJVamCSGbxWdCJSXDUiQDcX5B9,57.22,10/01/2023
7,-6.3660452,107.4144526,Needlegrass,17v5UV3AXqJycSghnKwgrQ9cebjE5AiVrs,92.33,09/01/2023
8,-8.7636824,121.7238208,Smooth Forked Nailwort,1Hr84DmuPDuqDzSoEhiSuRFcZ7mNcgTVfH,66.59,07/24/2023
9,9.4535964,12.0318456,Bog Laurel,18neiTpsy3KkVCGhXKXcDNR58diBnaxxUn,91.4,10/14/2023
10,52.1660441,16.4612356,Thatching Grass,123jwTPZRzd6wyGUfFxN3PFKxrczUn5CSx,88.06,04/25/2024
11,39.86722,126.03028,Dot Lichen,1BZUnfKoAE2eA8ezysX71m5tpTCSiJ8mj7,56.54,11/19/2023
12,50.0349276,15.4780804,Pea,1CJHUMYXe8bcv2HkU4PJYsxrgkX6RCpnYW,89.72,10/20/2023
13,49.8531509,-119.611543,Starvine,1DkeWGVK8jZQEopZf5LzggaCp8iYseaf9G,79.81,06/20/2023
14,-7.1143481,-78.8226909,Yosemite Dwarf Rush,1AoVmAdHteLAPnYw4ZCscoLhyrDMSDwNC1,60.75,03/31/2024
15,41.87507,21.87599,Soft Brome,1H78Uaq1M9VPokEUuT2Heuv7zEenjrmtkW,76.51,12/11/2023
16,45.087456,15.9258141,Ornamental Nightshade,1HchQ5MLf9goDdvWUZBoY1Ffs1G7gqZ9Ds,69.9,08/19/2023
17,-10.2507168,123.5112035,Billion-dollar Grass,1GZWBgVv8WcgSn1TZG8aoWCPfGqTyXVSGR,79.23,04/15/2024
18,46.22652,-63.21809,Bluntleaved Orchid,1BkPwzBF1ygUCZkxUwMEa4qo8YAyjf7RxM,93.94,08/03/2023
19,33.580873,114.016536,Upland Boneset,1H34ShgbfhiW7vTanvAoGfTRWsnMwCfwHZ,63.9,01/20/2024
20,-6.080007,140.276147,Redhot Poker,114sEJu5EneGn5ynGX2DJhEKWpdRrUDNag,65.19,06/07/2023
21,-14.91256,-69.874893,Needletip Blue-eyed Grass,13sA2UFQmpwLxqRDrURUemFDGTHJk1fVvH,75.98,01/16/2024
22,39.0063718,117.6852235,Seaside Knotweed,15D1ARVErYQSPAA6aGBVrd1wvhAd27BeKs,79.75,02/17/2024
23,53.3992318,-1.7622544,Rimmed Lichen,16AuxpzTyAhPH4bJwhtEJJbZ3e969MwMSK,95.33,01/30/2024
24,5.7806339,36.5715924,Tecate Cypress,1MtST9gerVDZK7Rsmz7hK8kCmRmThTSpj7,64.71,06/08/2023
25,14.262652,121.498915,Kaweah River Phacelia,1BB3bH8tAkDNVPsZGSUkDnDScMm9bmVUjg,63.29,03/11/2024
26,37.646108,120.477813,Pylaes' Sphagnum,16D8tqXC574e5YokKD7FBWpNU8k2CkcwW8,88.37,08/08/2023
27,50.186053,20.598197,Saltmarsh Umbrella-sedge,1X1xYYCjhGTRjuoEkbw96ihVMGc4j4H3q,81.05,01/20/2024
28,30.356669,117.47637,Cutleaf Spleenwort,1BwZNfHUw834Pp8Ef28GcKcBifyv3Xk2Fk,62.74,03/22/2024
29,30.145729,120.589457,Vancouver Witch's Hair Lichen,151x6n5LCAKe5nspDu9jo8NFgS2CKTU3c4,69.92,02/08/2024
30,-25.9248045,28.0172665,Charlotte's Phacelia,1A5Zctw6rEGdw9pAkCN9XAmhpq6Mmxpi39,78.24,02/18/2024
31,60.1387829,14.3822323,Arizona Honeysweet,1PLYGg344rg58aRZGAqsRAfT1Ae9L5JbXw,90.85,08/07/2023
32,-20.5558832,-48.5762695,European Bedstraw,1LUnfnLaQ5HtxaZPSK7V9rj36eEBhfZ32F,53.26,07/03/2023
33,27.6985161,85.3117065,Drooping Bulrush,1BXjjZdcCZArByiLCJCa6zdiRKyFX5ifpf,79.11,10/05/2023
34,34.888685,111.607282,Coastal Tarweed,1QCsuhsiCjFEh9ZCEKj8bujReKFREceDSZ,73.66,02/26/2024
35,31.3546763,34.3088255,Hybrid Violet,19UXBo4Mhmim6HLqYGFHmQXdMpG3PiswqQ,52.02,10/19/2023
36,42.3894673,23.7275817,Gypsum Springbeauty,196R5qiCo8nEAAeknGzXWyntEiPBEzk4Z9,70.79,04/12/2024
37,34.7226934,135.5286653,Brownray Knapweed,1PfawAnpeuG3D84m5nGSi24YJTSmveHkh6,80.38,06/30/2023
38,44.4248175,8.9266041,Forest Mirrorplant,1EfWD7FgFFkZ9KjonaAMwp8z9g3g2rXYQy,55.04,06/03/2023
39,42.849628,-71.1049505,Horehound-leaf Nettle,1EGtpjaPLsBJ2XUdNTPVAEpUhbgY6KXDHc,59.87,12/30/2023
40,28.404102,113.020456,Asian White Birch,1F4j5NTuMQNpMPB5Sfj7B6xQmCBfgoPtjB,83.28,07/20/2023
41,32.7657318,-117.199996,Witchweed,1LxwF5ipafSprK7862DjnFWrDkNiAqEdgH,85.3,04/23/2024
42,42.5824637,141.3159801,Mountain Fly Honeysuckle,1H3FP43GwSCwrVovivWwzWLzKRxi2RMdst,96.84,03/16/2024
43,19.4838854,-99.1135903,Scotter's Whitlowgrass,1PSyKUYMEsqa7g3XuzYxkvbxhaJa1oqaTu,84.57,11/14/2023
44,22.543096,114.057865,Shining Pepperweed,1Aj3CN3q9cRbwpnC7SYCwfg8YicsN5V8Ki,70.58,05/19/2023
45,49.01091,14.0000005,Moloka'i Fescue,13aTGZqWh8p97dshShdqvFBV4H4d8ywPUx,80.45,05/18/2023
46,4.3378413,98.0717968,Coastalcreeper,18vkX56tPmo7MakjzqiKUN8H6fE89modsk,85.48,09/17/2023
47,4.0892492,9.3146014,Arrowleaf Mallow,1A7LA71wD8zAs41kFx8MCgCFXPkWxwxfC8,67.38,07/22/2023
48,7.4175054,125.8192698,Forked Woodrush,1HC8wVkCWTGS3me7iYAgRAmSuYFZBdccBP,58.7,11/25/2023
49,1.36292,173.16226,Xanthoparmelia Lichen,1FP3YR3HyBULkS6c6SHGWHDHMZv8uJwY6,68.46,11/08/2023
50,5.242598,-75.781831,American Anzia Lichen,1C9TbFZsZjs5PpVyKiohhrU6yDX8e5etLS,87.19,07/05/2023
51,25.130594,109.768451,Meesia Moss,1DX7GhCQrzMdUE4BVpaY9xQ2vgDCQPnT61,91.3,06/09/2023
52,51.4984999,-0.1401487,Wheeler's Blackberry,1FhowGYywopsnUSCmRYEUfWwGfJn8v3Nxy,90.87,08/17/2023
53,52.2467951,15.800102,Chinese White Poplar,16nP8626B5QrLJaAfvWH52YWA1yT3hWxGw,74.07,05/04/2023
54,6.1244023,100.3674801,Slender Phlox,14uNDqJLmyYamiqoJCYtiJactYx2bALcH7,75.63,06/20/2023
55,32.647371,35.421551,Desert Unicorn-plant,19sS2P5FkS8bprbHWG2TFe3pCdCufoigoa,51.67,07/19/2023
56,13.5543249,-7.4435441,Washington Hawthorn,1NqThC4fAGnx6L3ZMDHQwhsfXAjHvHJAo3,96.87,07/10/2023
57,-29.5917671,26.667126,Japanese Pagoda Tree,18oCEn5CECqr8EVGEq96xNZDwPck5zpyS7,88.89,02/25/2024
58,41.1241415,-8.2082378,Slippery Burr,1963taQxJJ1b7LCNgBcMHudpKSEEBAQhwL,87.77,11/24/2023
59,14.3679657,121.0504535,Hairy Skin Lichen,1MMKBwAcyKZiThGBEXTG64w4SmrXFVmY7Z,86.03,07/19/2023
60,50.3863669,13.0825375,Strawflower,1Khv7v7HakcsirUaBbPgQMnmn41D3tb4bP,72.34,08/31/2023
61,-21.8898802,-47.6455169,Hairy Lespedeza,1KpiQrRH22n8s1kCbmdxhFwnHg8gp5rtn2,76.9,04/22/2024
62,53.1210091,17.9794988,Myrtle-leaf Milkwort,1ErsfapwqGrvdnUKGV7gg5mkLC1JeAXUyd,79.56,09/12/2023
63,51.341478,34.6310084,Arizona Bristlegrass,198jbPVcUicHuS8RNb6T8PHEouQp21iKof,71.2,08/14/2023
64,34.137139,120.227624,Stork's Bill,1C3hF8R8yQhnzCUxHG2DQvNc6ocueA5xNL,54.52,04/08/2023
65,21.0078386,105.9376756,Boneset,1NJKWBJWeHPAq1xuu7B2HuxZpnRgAAvg8T,64.64,10/06/2023
66,-8.305583,116.3957812,Smith's Bulrush,1BfKtGfeVvkZQZpgnExF4TQXhz1naye7vS,92.78,05/14/2023
67,44.5007687,-80.2169047,Western Grasswort,1a9QCFKCaMM9VYiRioBRGEFjUn1Vuvsri,54.41,12/08/2023
68,35.3985584,136.8331549,Matroot Penstemon,1LK2u1gXVLLNyBmJvjUUoMeEi6URnj18HT,88.74,01/01/2024
69,9.1118027,99.2065202,Arizona Pencil Cholla,121Hmcy324EE41AWDFr99ej78CRGRJSbxf,51.6,06/07/2023
70,-0.5025568,117.1514753,Hybrid Balsam Poplar,1KcTo5y9hZXddwEWzCTD5bgUxLabjPkdBf,94.05,01/12/2024
71,-31.4561755,-64.2111608,Viburnum,1Gr6h3NekMf1CuhZZQsEvoCZRVv8q8S74,98.93,08/04/2023
72,46.4144282,37.9579616,Stinking Chamomile,17sNpcSL1G4eKcDrQG1abqYuwgRKRJeLet,52.06,04/02/2024
73,-26.6536509,28.5914696,Orange Lichen,1PSi3PTDcpmztxSPT6XwqSM26qexUQKGu7,88.05,07/29/2023
74,10.1258199,9.8358611,Lanai Islandmint,12wzDuEwwMJheAYvdqLnHq5Fyuth6PXpGy,81.48,04/26/2023
75,50.6978262,36.1738669,Pearson's Hawthorn,1GhMPQKH7csg3R1EU5EaKtGVRytDTFh8TX,91.29,07/31/2023
76,53.1595566,19.3969614,Oeder's Plagiopus Moss,188DgSDUhgKLFDmJHq1GtjHj3jzpsPCbJJ,75.36,04/11/2023
77,37.22,-121.86,Railhead Milkvetch,1EXkDVxUvo1XXPzn8HKUiRNxkDfD4v6dDr,97.37,01/19/2024
78,46.987383,123.769368,Warty Panicgrass,1P7BSkq3YGHU29fBz3ajhxzF6bANCLMJtG,58.6,01/07/2024
79,32.654079,-5.9213829,Pondweed,1ECQoqJgoMiJo1Sy3isEiVkb5XdyhXYkke,64.84,09/18/2023
80,40.7134512,22.0009405,Lecidea Lichen,1FkY9bt15AG2zmuYDmzbq89W1pagANVYuC,88.21,03/02/2024
81,27.338257,103.717465,Oriental Lady's Thumb,13Q2Z4E3zCdavKUEqStyTvqnXHrRzwLBZA,93.08,06/09/2023
82,50.7056119,13.9301748,Larkspurleaf Monkshood,12q6Y8Qd3ym2yqm8x45Kq6BhD7SchXiEsw,76.5,11/23/2023
83,38.5305761,68.5545252,Springfield's Beardgrass,1GsUGwWRRcBxx53XbsfP2rmUynRpf2h4u7,88.85,04/19/2024
84,38.304477,116.838834,Catillaria Lichen,15SfGAEMk4wBhZuUCQ6Kw7T5RfiLqrzyh2,77.13,03/06/2024
85,33.6086342,-7.632555,Woodland Hogwood,16yqWzh5Z1Esxpu3msALx1HFHsVcG2koWk,86.16,09/08/2023
86,48.7997482,2.4699259,Crown Brodiaea,1BJcb6iTgctH11zt2QbdkdfykCyoSrYBTL,89.45,10/14/2023
87,40.0072152,44.4880651,Tansy Bristle Fern,1Cyf7YWoYTezMjLwmj4A9ExV7eWw5esu4h,52.37,04/19/2023
88,43.492878,82.415548,Wheeler's Thistle,18N5YhRAedvfWNVHA2EzhjvCZGuyXU9ZyM,93.55,12/17/2023
89,-7.1364308,110.4098775,Dirinaria Lichen,1Nu9qwGCAqV8gdW52gxoTqxtY8qymhafTo,95.24,06/07/2023
90,35.8439572,136.1916906,Red Mountain Catchfly,1Ni2iX8qZFWjz9PCHDnbXdAj34EK4B5iM9,68.22,09/17/2023
91,-17.4013758,-63.8817832,Lanceleaf Blanketflower,17aQtJHvQF9CjyKDwJ6wMKNgqYR5dHFHKZ,96.1,07/21/2023
92,-7.5450262,111.6556388,Oriental Clubmoss,1ML3Ta1PpqyHjtU8pDjaKBt2ejJADPsWW5,53.66,04/02/2024
93,-2.6284683,-80.3895886,James' Clammyweed,136iFrVt6ZMwtV7jkBrDTG5cbY8vNgvDLm,57.12,06/15/2023
94,52.8568142,19.669432,St. Thomas Tree,1P1z8av57rbZiqMcxDiYUeBk1Z2zWqdcfB,53.1,03/19/2024
95,51.880525,-8.4523258,Redmargin Zephyrlily,1LZASjDMxteL737WJwvo4bWxUTkKkVRQoC,74.54,12/24/2023
96,26.893368,112.572018,Owl's-clover,1GsEhUVJnSCdV6ZXrRn7rr2wkPyPJvH5wq,74.56,09/29/2023
97,-7.0431437,111.3679689,Desert Tobacco,1KfnG9PESkLuz19tkGZ1jiUHVvW8cSHvXY,94.32,01/23/2024
98,34.542308,118.752842,Wingedseed Draba,1EQbjEnSkRzgRbfsLkkca4NULcrL1135AA,86.4,12/18/2023
99,53.3004898,-6.2634596,Purplemat,15tz6KiNeqeBhWSj4qrSnuBwqC2Xr75vcv,83.83,07/14/2023
100,25.8626983,69.1193694,Sneezeweed,13MeWbkzkDdFB3Eps6rJ8wib8fEV1vdHrA,84.17,10/31/2023
101,22.974898,113.993115,Beavertail Pricklypear,12xsZwKPRGtNDdcEvUxf3ZhTBAsmtwVU5E,50.85,08/02/2023
102,-9.9836173,124.4420073,Don Quixote's Lace,1H7krZ86LavAZ29sMErEu1aChjnvo8f2aU,95.25,11/18/2023
103,-24.314422,-46.9936142,Bryohaplocladium Moss,15B4xs3gyxA7aA4dg8XS9AA4UaPtsxJQMv,90.97,04/17/2023
104,-6.9318,111.2882,Wart Lichen,17m677uja7Hgk4JgcybNNo3XkAdKcPWfrp,83.28,02/23/2024
105,31.17495,86.812286,Prairie Ironweed,1MNAb5TQRBQwao1T3odPBkofnLptP8jf9P,73.44,04/06/2023
106,-8.2125477,113.4597505,Hall's Rush,15Gz2B5k3sUoPK623yePTctejiLKsSX9UT,70.26,04/17/2024
107,34.366396,105.567066,Simple Campion,1NJhPi8afZr8HsDBohRZRVHuUpcHvGmV7Y,51.02,06/04/2023
108,-7.7595897,110.8344302,Nuttall's Alkaligrass,1Kv49Wepu2jcCEuBLbqZfXGdkApRJ32UUu,83.47,12/11/2023
109,38.5298862,-28.5185092,Star Peak Fleabane,1NBRoZMouiwKCnYExiY7HiMR3YMUQ1n8K9,74.77,09/28/2023
110,26.11,-80.3,Largeleaf Marshpennywort,1EtfVfrNPsS7qYKtVJyUfqjQuiib7bKhJz,60.62,03/11/2024
111,48.0386685,-2.9231898,Cnidoscolus,17TzdqMZrNW3ruiiGPS2UNfGayoKGzQXmK,58.37,02/20/2024
112,20.044412,110.198286,Oysternut,1Dgj7TUZ1YucvNbcguDUWgyv18jWvxtcDB,69.6,10/26/2023
113,45.2646668,14.5795071,Mountain Big Sagebrush,18SpeLTkAXgd8danHJCCmmjJEToeprdPvE,73.11,02/27/2024
114,38.7731612,140.297972,Parry's Rabbitbrush,1MSvdrMm5ezkrfeGsSUiRhSengzKjr2cQd,89.96,07/24/2023
115,40.7322554,-8.1737805,West Indian Woodnettle,149W74pS6wvGE7EmDkkv2p3KdSjcf4Dbkt,66.32,05/12/2023
116,39.4587784,76.0001092,Hasse's Thelenella Lichen,18vK9LvgnLLJYygWKXqA2X7ZjGRR888tcN,99.56,07/18/2023
117,49.909141,19.6159543,Siskiyou False Rue Anemone,18UTCdE2aKNgxNRREEaMGhjWEbfTp19XJ7,87.7,05/18/2023
118,13.9300945,120.9522977,Waterweed,19A4rHT3NVMxjzhwaEcyP4KNd4tqbDzfM2,94.98,04/04/2024
119,53.2886387,-6.1406578,Salmon River Fleabane,16JDXvtvqWdUVrVY7EBfLVxgfZPxUZBeV,61.37,10/25/2023
120,48.8610504,2.3237084,Crambe,1FgWEM3CqDmAazUWNvmrbs1wD64eagF4W3,97.84,02/15/2024
121,54.0473494,61.7492324,Boxthorn Fiddlewood,18nVVR9VgnsXbpifmBzJr2vR6F6nLSj6Rz,79.59,10/30/2023
122,1.616009,99.2342196,European Feather Grass,1XYDAKD9K2JHwqC7PRjbSnxFKEf7tu6gB,89.98,05/01/2023
123,19.2933162,-70.2583451,Greenstem Paperflower,16HRTxH6QmFo2M9SFYxeENVHJvgSB8zeZL,50.44,07/01/2023
124,45.6138162,20.0459853,Rim Lichen,1NzKZJ6Rh9ja1K9w9zgSqSQAtckoTBegYm,68.05,06/06/2023
125,52.4506032,19.6362734,Parks' Jointweed,1NqsMNa34y3ADJDgXskuNAWbntKBY1JQ46,79.45,10/04/2023
126,63.4400274,10.4024274,St. Lawrence Bladderfern,1FLSg874hneQQEu2NQPr4sEoPZb51Vh5Q8,57.63,11/02/2023
127,61.5715454,31.4869341,Sensitive Partridge Pea,19SAsP3vQSExfcvnoWtwMwjHszzMhA3uEk,94.11,09/19/2023
128,-6.6769374,107.0244171,Hudson Bay Sedge,1BFPjkoZ3rsFWq2X9zYr3kVW1Azr2ybmFK,83.88,02/18/2024
129,6.76716,80.9435092,Trapeliopsis Lichen,1PGLNQ59gzFXRT9JgEX1yDB4bPpE1gAaqy,77.0,04/21/2024
130,39.0063718,117.6852235,Intermediate Pepperweed,1QA1hvRLMTnm1Dtqu8EHZV5qzHA8ePZQYi,63.75,01/07/2024
131,9.955498,-84.078434,Slender Amaranth,1MYsJmzf5XPCeSvvHBiLYbwyMxZRaG8QyD,53.58,11/06/2023
132,8.1325883,125.1263623,Spleenwort,16akjXigXNk7AA5AA1zAwyFcwi51C6mW8a,76.9,07/16/2023
133,48.8295482,107.0468263,Florida Lady's Tresses,13S93qhaEQEo3x4YJuZz8J7UshvVcf2aXH,64.68,04/04/2024
134,34.2456501,108.9877602,Nettle,1PTvgqAX5WXR3ezt1KjUnU32TmPth8dADh,58.6,04/28/2024
135,-15.81644,-73.968712,Colombian Rockcap Fern,17Rq9QQvCUFpjBTjLWrbSofRwzp5TQqSFX,53.11,05/27/2023
136,18.7853365,105.6418428,Trumpetflower,1xSGgV3GGP22TVd5fzgEbks7KjAqRV3Pr,88.33,04/13/2023
137,50.2334147,14.4107891,Carline Thistle,1LdYx2Pj6TkYM2ksZwfzRPxPmJ56xdTSsZ,66.81,12/02/2023
138,32.7737057,35.8852393,Polynesian 'ohe,1DPtEGfQAztMkZDp4AeEwPR2YTrBL63tN3,64.86,06/08/2023
139,9.3125556,42.1226825,Whipple Cholla,1NkP3nj71XgqAixafDzGn5cV13kCbG5b6K,91.02,08/08/2023
140,6.9960368,19.1850317,Cold Stigmidium Lichen,1F1o5N5ZQpwCsa96QndrX2uvmyrHaFkKok,52.77,10/13/2023
141,51.8971987,21.6149393,Common Globe Amaranth,1Mz1BSbckqPjyoT9giuugqxjfVZYdPNjwX,72.58,08/17/2023
142,8.71278,126.20806,Pygmy Racomitrium Moss,14dqFKs4oGrfsv2CqWYXqwfVVXMHYLcnEx,96.82,04/06/2023
143,31.264895,118.8322,Purpletop Tridens,1L5PSCr5LDatL8ymvE6daxRGJXa5gTM7p,89.7,09/11/2023
144,36.049805,-115.244096,Morocco Iris,15fszmXaeo1SfrQXMPLpPse5pZMeXWXCmj,66.47,09/28/2023
145,53.14292,22.98815,Roundleaf Bladderpod,19NMD3rPWnDcT63UnRLzSHjutkAFxWpnvF,72.57,06/25/2023
146,-8.1456159,112.6645602,Livingstone's Garcinia,133ZdnVGgyQype6Es2HASBWC17HQM9vN2K,79.54,04/26/2023
147,-45.8405005,-67.4686475,Simple Campion,1Aob5PC22c1SSD2kPUzEihMhonyi3aNPGh,94.75,04/29/2023
148,29.689847,121.28259,American Water Starwort,128jZ15vGondH8cdkXAorEp6jogag9FwB1,74.43,11/07/2023
149,14.5458392,121.0044883,Rajador,14qXJFJht9m8L924KgyFgRGHy16N9zdgUA,71.72,05/02/2023
150,32.770894,119.745363,California Stork's Bill,1DZ8nw8ZgB5kdWuzL2cMznugWzkSt1H8Cs,99.8,09/01/2023
151,14.5346437,121.0133007,Appalachia False Bindweed,133AqziM2mGUsAyjL8wEJ2TTfpK2JzfiXA,91.67,05/22/2023
152,40.8276499,140.4491245,Devil's Walkingstick,1N6evwNiunksnBuwEs3TQD76iqWtsQuDJV,69.81,04/14/2023
153,22.801624,113.525165,Rose Spirea,1CNCiRXojZ6f5LbRcWtuxdwmWznY1wk9ms,90.37,03/24/2024
154,59.3320898,18.0574901,Mediterranean Medick,1J3X7ranftTS8bviW27J5MvkTpecJy8TJn,95.42,05/23/2023
155,9.4362547,123.1893864,Purple Cushion Fleabane,1AZHtdi2t81KL6neX3XxiJQtDiqhmycWHG,51.16,04/01/2023
156,-23.1846822,30.0723009,Homalium,1LvUepZxCsnchi3ZS8G6UjNwP9rmAarTUk,75.52,06/21/2023
157,40.8021951,44.5395836,Rim Lichen,1Ax6Gj2GayMcwUm6T5C7YV7rkCdQoKe6kA,87.16,04/16/2023
158,39.2075584,-8.6259188,Round Copperleaf,1Pf3gQptggXqGzfqmCyYydjTubNRHPya8Y,88.81,04/02/2024
159,24.168957,102.405819,Largeflower Hawksbeard,13h7Qj4RwSRsPw3bHPwKVj9fbasK5FMexU,86.94,04/14/2023
160,1.4908115,33.7517723,Wideleaf Dicranum Moss,196RLuewvskjLtR92eRzYMEbVXiWNx7jeS,80.6,12/21/2023
161,-8.4388642,-77.3205965,Varigated Beard Lichen,1HEdvKjyZkwVY7fdGL22kYW1jZnzNeHAp5,55.1,01/08/2024
162,41.57365,120.4493879,Fern Flatsedge,17XvCVqgfPqXVtyCE5Adsg84svEhPzLQhC,67.49,05/07/2023
163,20.8795129,-76.2594981,Santa Cruz Cypress,1Ff4RHwFTwfxgJqdSHGZfWEFqP8d4TkP69,57.0,12/08/2023
164,42.1132871,-8.2574904,Florida Keys Sage,15kf9RvZWinD4WQtbhLXSQbWBgCpyQWjzm,90.47,07/06/2023
165,23.157289,113.273288,Pearly Everlasting,1846ACD1Rot77HkKbst87eqfGekpaAiHWh,51.7,03/10/2024
166,-32.9576242,-68.7400523,Pin-leaf Seepweed,16DccbAWTubkicf2GcPueknHpWnxqE3GHq,86.58,09/16/2023
167,37.892744,116.745762,Degener's Labordia,1JTXJfDMk99dBMQGCTjpfXU8DcRihEVw6R,87.66,12/23/2023
168,47.8313394,59.6188673,Arctic Wart Lichen,1MUDrr58uMr5qURENtaLCtFobAsjQ7zKim,60.35,04/14/2023
169,39.75,19.683333,Texas Stitchwort,1NuyuzyHnC97oUF7p9KtG4HRc4aoR4VuQW,71.85,12/29/2023
170,29.60128,121.859272,Mountain Papaya,17QvvRzMw2u8AEgM5nBDajPbpgF6S999QH,99.04,02/27/2024
171,35.4950957,138.7316925,Five Eyes,1FJXjbiuDza3xf6rium2Fv4ofUpLJyy9Yp,98.26,07/21/2023
172,46.6275321,16.2176399,Sierra Beardtongue,17TkrwEZ9AfWE58P1Dmx5pr6FeuMFpfYJm,89.37,09/13/2023
173,26.087511,107.924631,Map Lichen,1ArFh2HkvmzUQHg9RmeU74rg32VKoY6TuN,56.01,05/19/2023
174,50.5787435,35.7888187,Polycoccum Lichen,1ASseTNkNSLNoSDw8cp15CoWcj6CPNmgYK,66.7,12/02/2023
175,59.5043187,15.0421807,Carrizo Mountain Sandmat,16s9C5HYaejmSnj4e9uvzS9patXv3VeVNM,95.48,10/23/2023
176,58.3669548,45.5416034,Bruised Lichen,1BeXdi6ZFQz4sg6ey3Uv6DM6REyqT99uEs,79.61,04/20/2023
177,45.768045,15.947739,Pendantgrass,13gZSQtcyg4vZ2TXRaACL2XES7jxwniehu,84.36,03/24/2024
178,-8.3635208,123.0085415,Mokiak Milkvetch,1Gz4HSkaZ6oE2nAjntADCYNAMwUF177sez,88.66,09/23/2023
179,-23.8714093,-49.8024588,Large Bullwort,1GFPNHieBKrA3uYe57Vhw6FfjykQUETqMc,98.28,06/28/2023
180,32.3506936,-95.3018275,Muehlenberg's Nutrush,1AJEqH3sxkhcepNXVQ4Z3eMmcu4dpHei5Y,89.97,11/14/2023
181,37.2425649,111.8568586,Neolamarckia,115rhPeeusXjXhrcbr6jxsYmqakGkaifa9,51.46,10/15/2023
182,50.1601386,107.3956619,Perfoliate Baby's-breath,1Au9esGsp588zuaw34TvJhJ5jcLMnvMtcG,71.82,01/02/2024
183,29.036141,117.468731,Dwarf Coastweed,19GGZUx1AttinT6aJPyANVktnWofc2hrbh,54.79,08/12/2023
184,37.9909201,140.1660258,Saltmarsh Spikerush,153dJuWPA8NcKgjcSkgjkSdezN2sdVxctj,53.62,10/05/2023
185,8.5067807,124.759938,Prostrate Buckwheat,1FdSHKTBx22FUHEJuQWmSKrYvhwpAF9oD9,59.89,03/31/2024
186,7.4700828,80.0472702,Toano Milkvetch,1Kpy16fVNf8GSoXueytX4daXrWa1rchTF9,80.81,11/02/2023
187,16.06589,22.84308,Rosette Lichen,1LacBuJ4ng1x9NfSsZutpWUWi6Kg2GXvBZ,54.43,10/12/2023
188,10.9915855,119.5914817,Black Gram,16JwnYXW9dRzih6xBJKtZhi1E5tvSC9UGH,98.49,06/14/2023
189,15.6240255,120.3903545,Smallhead Pipewort,1EkSEEVMTQDko7NmVJXYoRgaDE1tAoUJRr,97.28,11/02/2023
190,34.4487934,135.349864,Bauhinia,1G78LLEtW2JD5D1vdywudJLiwuURAPQ9qE,74.17,01/23/2024
191,51.8851246,-0.4111111,Rocky Mountain Juniper,1E228AKL9XdWj9erkXEipbbCwKrHrxbB9c,74.66,05/22/2023
192,45.536587,19.150386,Twoleaf Senna,1BuYmgjTHrHMbtdwa3wT3KuXt61DK8BboZ,67.49,11/06/2023
193,51.549106,-9.268589,Buffelgrass,1Ljpe7F3s1uamb3fHc7kQwEs1mfZ1ce7KY,92.81,09/23/2023
194,-11.434693,-61.4566885,Pasture Knapweed,1E4WG3WzkBY87YXKFgm9pMWUkcne57AE6m,81.07,06/05/2023
195,36.200252,117.087614,Scribbly Gum,1678ctyaVvKfKNYS2TBELA4T4QWCBEyY55,51.07,01/06/2024
196,59.9173309,10.8180311,Clokey's Cryptantha,1AQMQER4m8w777o3S66522TA9MChzd7uUA,60.99,06/30/2023
197,48.2787299,7.4592542,Sandhills Lily,1QAjcM2Lz43ZPDejbVP1zxziqCRVuMwQEx,90.43,12/11/2023
198,-8.8795811,121.656829,Alkali Wildrye,1P4j87pPEtgCm9LZW152qEc8AeAVro4RfD,99.76,05/31/2023
199,-4.7407988,55.5081012,Cracked Lichen,1KXwgkyW1KnyFtq77S9B4UR5bqYWPBBGC6,98.89,10/24/2023
200,-3.0412633,119.1158017,Ornduff's Goldfields,15z1W9gigqyeJgq4EMEF6GygA9uL7GDQeo,53.43,04/26/2024
201,8.955271,126.009711,Umbrella-tree,14P2if2etLA4FxpgocFyUYH2HbcMyyffHW,69.79,02/02/2024
202,36.776357,119.98842,Roadside Bittercress,1EecdHQyzyd5u2QnzwFKP8yaRsVx423e21,59.85,04/04/2024
203,7.0503742,38.4955043,Sulphur Buttercup,1GUBXZmh4VkKSf4Yrv16quJ16GWV2hKKi2,73.07,11/23/2023
204,27.356747,110.944708,Crispleaf Buckwheat,14siuBWVtNgLEDwiJAwT7F2pXXAAQjhfVc,89.94,01/16/2024
205,18.6796993,98.6380598,Sphagnum,18NCvHunBdBG15wcCXFos9qaeikiWeaJq6,56.86,12/21/2023
206,2.9623057,99.0652871,Pinto Violet,1Gvf1uCLwRbiV2nedm9BNoFzzi62oxGqcN,87.92,09/17/2023
207,49.1226502,17.5377636,Chia,16EoHtsAHNStfLwiHfVSUiMaTVUeR8FCoX,96.65,12/18/2023
208,46.96031,-71.03219,Purplestem Aster,1LC5qtSaSqPJ1bFPuW1xy9zR6qyrcUJEBz,51.49,02/11/2024
209,-12.883333,-74.466667,Pennell's Lousewort,16LDFrSEoQ4uD5fH6euVY2gQw96tH2LxrV,83.21,07/05/2023
210,24.4670098,118.0855763,New York Dewberry,1DtVDAtfKfjunwT2gzpEcAAy6rRv3R6wCr,94.99,03/20/2024
211,52.6545685,41.4475479,Shortfruit Stork's Bill,1DD6ZWFgsZzJFh2QfcB2dvnnFjmEkF2SWH,86.94,05/19/2023
212,50.4734865,2.9394741,Newberry's Twinpod,1PxDPoQntrDdjyCvTSPB8cFKN6c6TxBMMg,50.54,11/24/2023
213,32.315889,107.873926,Pinewoods Horkelia,1CHDaaRcBt4davwJfWyv1ivRoqPJwvkhB,75.89,01/18/2024
214,37.8269697,23.9667402,Avens,19owSamR529pNzQME8mUqV53NQhxu4FdYt,63.57,02/13/2024
215,-20.2513658,57.6184076,Threadleaf Ragwort,17RY4dDPmmgz7xBbj71i6ggSf8gTxMkW9C,56.62,09/30/2023
216,32.147679,114.091192,Safford's Lellingeria,18umDVPW1zVrFr7ZDGyhKqXgfU9zSEfQ8t,64.15,03/31/2024
217,39.8699419,-8.9175063,Ribbed Sedge,14qzZyLfMjitvB64FMB3ST2DKdPzHaBGYL,87.87,09/14/2023
218,31.298974,120.585289,Compact White Sage,1JoZ21z4FZJtmvQ5pZGRkHdfcph7Gx7vkv,90.69,11/07/2023
219,21.1032279,105.4969964,Texas Sunflower,1UabZ72RMwPGTTCGVmF4KpsNE3zEqzqnZ,62.77,04/16/2023
220,-17.2425,-70.4083333,California Tickseed,1DwqkPnwUKtJeUHHrL7VgqDE9CmCRechNN,92.07,02/21/2024
221,43.61812,118.05545,Caryopteris,13KcCf9VW51QxEtcHCt2EsurQMAfkLXbNC,95.99,09/03/2023
222,42.040521,119.2987161,Fragile Maidenhair,18YVWq9Ayi4cayZiN3B56dCvdhqeT2KGDg,53.66,01/31/2024
223,43.2916776,-0.3696612,Longstalk Phacelia,1FZtuN3mZzVvUz3c78pmwDvRtGwTCZ8er,63.91,06/18/2023
224,20.5200611,104.5917494,Hummingbird Trumpet,13PsPdPA3ktjtRNn37y5ECoduLzX9vppvC,83.0,04/26/2023
225,-7.2953035,107.0716609,Huber's Pepperweed,185adEF94SDxycy6K6yMvzpGprZRQh2AX,67.78,08/26/2023
226,63.7388395,34.3097519,Bluebill,1HMUPAfJo253Jt5Xh2batPndA4oFbRbhng,58.06,01/12/2024
227,5.5380625,46.3864672,Ridged Goosefoot,158suTVbPd8ZY1aZ5Nd6HJNsmmtGA6D2bK,66.57,02/09/2024
228,49.788203,19.70598,White-mahogany,1K2VE33TeJ2ENaa4giUaWo4XQ7NBa3Fgik,92.54,12/22/2023
229,49.8635922,18.0933139,Cylindrical Atrichum Moss,17xZGY64MYKZxHNFRrZrp5eu5CQ8aF4fag,82.44,10/05/2023
230,42.4338529,68.8129042,Dwarf Mountain Ragwort,1HvEjQGTZCLD4Powm2RMdirg3g8Bi642ec,82.56,10/16/2023
231,-2.5781167,150.8086082,Japanese Zelkova,1JRtfCU4u6uS13XLWJ4f4hEzbm2nNrdzdp,92.01,04/07/2024
232,-16.67787,46.109699,Glass Mountain Crested Coralroot,14ikPy8WtywSMdc85AAPSLEjsfuNMudfA6,59.82,05/10/2023
233,43.7745094,16.8628891,Cecidonia Lichen,1M6JLwewPAmc6rwL6tuhNLhcoEfjP2AS5E,56.99,02/26/2024
234,36.809895,116.428916,Slimspike Prairie Clover,1ELhbtDj25PBxGdcRTuJLk95xn54JppzcJ,53.78,11/13/2023
235,34.2105603,-3.9980485,Beaver Mountain Ragwort,15WafYsy6oAg3MTmLVt23MdswFwH81mcD1,86.74,08/06/2023
236,45.895779,85.349613,Jointfir,17kzA3MJ9p88znZerfCEBU9532TcoLwnfC,92.82,02/06/2024
237,37.7688197,140.7154397,Gray Nicker,1NtiaLgMRhFeKxAEd512DLVPyczdHL8iiz,76.46,03/21/2024
238,-7.6589782,110.5394227,Pinaleno Mountain Rubberweed,17qD8WsAgxBP8q9QyN7oQGsPoTSjrKDBXr,91.93,06/17/2023
239,59.1477457,10.1916192,Devil's Gut,1BdRcQC1jyVt83pZw4JBRJbmg312rFFmgy,63.71,05/28/2023
240,36.776357,119.98842,Canoparmelia Lichen,192xjxBkurt6fQMMwrn1HkeYV1FE5XBYVp,85.65,02/19/2024
241,30.4864144,-97.6722668,Colorado Tansyaster,19GzBozebge3XaTHYDCu2NTYxD891JphPq,67.32,11/22/2023
242,11.348909,106.4641459,American Bugseed,1PWAjA4xW4ZjU5imvKmdhhKKyVpKuqM5R9,75.17,08/26/2023
243,35.242057,116.087054,Fowler's Knotweed,12o942hA51rUDaVJLcFgeMx6D517VYzktE,73.87,04/21/2024
244,51.766482,55.36468,Pyxidanthera,1P829XZFmbAiH5WJz85VpukppAouSP183c,50.59,06/02/2023
245,34.68664,-6.00272,Dillenia,1G1Jk7a1N9NBHter9KLT5dWMDbx8QCgCfZ,86.4,06/16/2023
246,31.282291,116.196278,Panamint Mountain Lupine,1GuhyrmEeSd4NGs2CrhtuwkVGUniqVs7LM,80.81,07/06/2023
247,2.394682,98.4403573,Yuma Browneyes,1APwhdX7ggy5VqLwUQHuLdecveE9gqW6xB,64.14,03/08/2024
248,-6.1169676,106.9035751,Alpine Yellow Fleabane,1PQrodtdan7kVjYcuWzojdtQtqj7o5Ep3m,73.82,03/21/2024
249,-7.6150611,108.4988269,Sarawak Bean,1M3VEXBhD7ukQmZZ4rXNdn83fhKv4cN1YW,71.12,12/15/2023
250,-7.36795,108.21101,Diverseglume Wildrye,14j2EdKH9XccaPyJX4dYrewUmtDLwEn4dP,55.96,01/14/2024
251,40.0876422,-7.2389142,Highbush Blueberry,1Jkq3J2Lww74P5ufkBUQ5Fmwc17EK4FsyF,66.95,04/30/2023
252,33.307049,62.136421,Hyssop Loosestrife,12wpNCEK7pVWcEbQaax2AMUD9EHEVSkJq7,58.48,07/23/2023
253,41.6412644,19.705595,Garden Mignonette,17pvmTM3pApTzo6SzRmdXa4Lp6itxvyb7z,53.24,01/09/2024
254,41.837693,123.981229,Kuawawaenohu,16NqprA9aMwvBAgz8pmZXLmmqEC3HqhzNR,81.77,07/26/2023
255,26.1045921,127.6904441,Rock Bulrush,1KxcmXz5tGBuD5rWWebVEjRdoapKapUJ9a,60.1,07/05/2023
256,60.4783655,15.3710047,Sanddune Wallflower,1LvrtVkAR3jDPG3JxQxeeaDy3LBc2abN3P,84.9,12/10/2023
257,46.6328109,-1.811786,Tievine,1K2cTiF1teuVdBP55Z5PLCdrCHXfV3mhea,50.21,04/27/2023
258,56.2533676,43.1585921,Scaldweed,1oartoVpjK91AuEYqs9gCmxP4wc5nJSEu,56.98,02/23/2024
259,39.959953,116.298326,White Panicle Aster,125GKoLrxMvrGtATAsa9scGVukVstcPBJy,62.12,12/17/2023
260,9.5842063,8.713707,Hoffmann's Blacksnakeroot,1MyTss5UaBusfVFZkai6Bmm3aFPWvrpRuK,65.97,08/03/2023
261,-2.9753131,35.4504347,Foxtail Buckwheat,1N61Gqm6uYEgshByr1z3DPYHxFwJex3QoT,89.82,08/31/2023
262,57.6067536,47.9368725,Columbia River Gumweed,1FLpujkpU9WZrX216EyNQJbhuo9WYKso4p,89.29,10/17/2023
263,22.5346419,114.1237079,Vetch,1GfVymvkkJbP3kGyL1uUF4duvEBf5QNujx,77.53,04/03/2024
264,-34.990888,138.574391,German Chamomile,1DhiPMbfz3NsMnKoxT7eeXvH81h8SmeNBz,98.82,01/03/2024
265,5.0549877,-75.6789905,Kamala Tree,1Kbs5x1ACiK5v7B5ZWMHNUc9mvZ8ZvW87N,77.21,06/02/2023
266,20.7375195,106.0698963,Longleaf Aiea,1Gq31ag9cwDBVJY9TmH7U8NNHA6efNAxRH,87.67,12/17/2023
267,-8.3408114,123.6231723,Texas Bullnettle,128RSuQnPg72duRfaoVATD3vTYAUuFhf8B,81.77,09/03/2023
268,-7.0695176,108.463214,Lepuropetalon,13Hko6YirhNGt2PVw6BGDiBijQFQwE9jK6,72.71,04/29/2023
269,-12.0782503,-77.2347674,Spreading Navarretia,12wRCrBVHa2Us4drFh99wPP2KigxWFWfpN,64.6,05/08/2023
270,-7.9620331,111.4723041,Chinese Angelica Tree,1E26fWz7L2MqJPAiadwJJSE4xHe262BpfL,95.78,04/14/2023
271,52.6545685,41.4475479,Forest Colicwood,1PAYqaTRAVfoGTbiq3bdjqMDHDnXfLX7Rq,53.99,03/17/2024
272,50.6978262,36.1738669,Campsis,19yPmCkxamDov2DTRBP7jbyyTgRhkc9cL9,80.97,11/06/2023
273,-29.9132584,-51.1861921,Tropical Almond,19qiq9Z8SHNr2Fih91h7U34xX9qKuUyj5A,80.66,02/03/2024
274,39.896995,116.46662,Snow Squarestem,15ENYuV7zeZR6or6HvjD8XcdNSL29boeZz,62.7,07/14/2023
275,5.0281872,118.3157161,Wayfaringtree,1AmHbhTogZ938muwWhsbuepyBiKXkyjxoj,93.17,03/31/2024
276,37.646108,120.477813,Black Rock Wild Cabbage,1FkW53aojMbSNkvgx1WxdgngC5ws54pMro,83.4,10/23/2023
277,25.852003,98.8529872,Dwarf Checkerbloom,1NqAbNtNufWTUTB2N3v44KoPxUcypRL72j,93.68,06/09/2023
278,32.9760392,132.9645335,Alfalfa Dodder,1B8vQUxaBmSQRK8yMGjfmbwDn778Hrr2pX,65.5,10/22/2023
279,30.677233,121.015142,Island Brittleleaf,19bpX1XWryf8a3Eux1DAoiYhkXqVZQXZAo,99.0,11/01/2023
280,-19.5547969,-44.0871994,Coastal Plain Crownbeard,1DEDDo9HugLp1KKhe8Y1GCLRkMwGTwEyGi,71.62,11/21/2023
281,-7.0370275,108.2496145,Subterranean Indian Breadroot,1H1SxMzaQTvZJdCbDfr24ft6u4ecgf5Ctj,87.64,07/05/2023
282,40.8143687,-73.7419017,Rigid Didymodon Moss,19iZGSQDN1qqTtRVt1pN8Sasm4JNNQTpAY,79.72,05/23/2023
283,34.5057425,134.2087936,Netleaf Bundleflower,1BpoiSgMQPxnd6L1Y9CStWWi9hr3jksuj5,81.16,12/02/2023
284,41.240005,-7.3038414,Blackbutt,17vMHft7pJfCvmD5yLRZywC97urHXPig8w,66.74,08/09/2023
285,50.3838631,25.7085224,Smallflower Pawpaw,13vmta9it68rJXrvs54gn4pLnBSPjVuK8Y,59.16,01/25/2024
286,7.5257028,-12.5039922,Chihuahuan Arrowhead,1F3nJhwbb7JVz3D2WDCRjb2oHf8KT4sLqJ,87.5,11/29/2023
287,-20.9304923,55.5243352,Counterclockwise Nipple Cactus,1FCYxwN3csJZnnpRTsUDQQYHWHiG63Rves,53.67,07/09/2023
288,45.597839,126.637515,Amaumau Fern,12NLkM92v16p8thMQgNMqbsk7xk5ycQGJs,87.88,02/06/2024
289,16.7499304,-92.6291625,Redfuzz Saxifrage,1MTCoiRWY8DAFbQUbJ1E1KS1B66st9i3g9,80.86,04/02/2023
290,24.479833,118.089425,Punctelia,1Meno5hXqT1jgBnriCXQxoQkLgWwrAijYE,65.59,04/27/2023
291,42.611806,-71.3329476,Southern Arrowwood,12VJLZT1QCuSvfjoVUXqcsK5FjLJXS23jZ,54.85,03/21/2024
292,14.8886565,-88.2777465,Indusiella Moss,1CnogpLanZ9UcNQ25ikhVYjVgjco5Q1A5Q,93.04,11/30/2023
293,16.5154623,102.4151335,Myrrhis,1GJih33nwGFYSR36aN1rZKeu6wYRnpQTRs,68.42,04/16/2023
294,-8.1067604,111.8240676,Hall's Hawksbeard,1NYj5hPJxLCd6TU92XXgQJdrjJntSf3DPG,85.0,04/28/2024
295,-7.0431437,111.3679689,Isachne,1CCKAq4EQwrZsahJPwpQ18N3X3DUd6MQn,80.44,04/03/2024
296,37.377139,97.369751,Western White Honeysuckle,1Cp8jZSGdpsWwr5YrZzdHG1dPHoyLe5wu2,63.84,06/27/2023
297,13.3585301,121.8247013,Hartweg's Cyphomandra,1JLUsXpQXLgiQcv2ETJ1opjgBRUBscimeN,90.63,08/24/2023
298,48.6463593,1.8015218,Sticky Whiteleaf Manzanita,13xCiuZB6mczWF4YhTPRPkX1DNUazF33F2,70.75,11/20/2023
299,40.74389,19.93528,Sphagnum,1P4duAm9J5PVg4Q4ia3HTwc1z5FEuYFeME,76.87,02/15/2024
300,21.121444,106.1110501,Lapland Amphidium Moss,1ABhWT2UhTKVJvgvX5yf2h8JJCJY9XLBP8,94.42,05/20/2023
301,54.1347287,33.2921685,Smallhead Cat's Ear,1NGypGnw1CsGiHyc9MJnxab8K2kQCDYGbH,60.76,01/24/2024
302,49.5970348,16.041166,Singlehead Pussytoes,1GG5xSsFzyqBq19RHaaKtjEiuH4JBrkEra,97.84,04/06/2024
303,39.4551146,-8.4715169,Roccella Lichen,1KuPPFY6sY2zWTquvhkZRfptH7KmyXBe37,55.28,07/13/2023
304,-11.7843129,-75.4242758,African Tuliptree,1EsXGZz79qtwWpRzmUKXzTbdHSUPd8i6np,90.01,05/25/2023
305,38.7528669,48.8475015,Plains Fleabane,15kSQFQetoJ1B3NqAm1GDv5z6929Zprhgv,73.77,05/05/2023
306,13.60422,44.98578,Gummy Gooseberry,1Az5shEZeM3oA6XkABL3qun4PC2E7jcgFW,68.75,05/14/2023
307,59.1096942,11.3840397,Twotooth Buckwheat,1FVsBmxHZvjpFxobgN3EQEtbTpNHpnXJzi,76.96,02/12/2024
308,57.227222,29.161111,Eastwood's Manzanita,1NhUhuMn9vmL8wSkYnoqcah6PXb4abDdsW,65.03,01/18/2024
309,4.315132,95.9647536,Coastal Plain Heliotrope,1JK8gieBsHuXcxxabw4mESBPsCyUNqP7F7,95.63,10/26/2023
310,38.995854,117.688815,Slimstalk Spiderling,1PLxdSuc32oAcA8iKLRdCRZ2LG2vk4P6Yy,50.13,03/24/2024
311,49.8046835,73.1093826,Weak Jumby Pepper,1DvNTwQbVfDrscdoYS4g1dNtXzNLCMGyk1,92.51,12/14/2023
312,44.3200232,15.1873721,American Holly,1K1DqabB3krDhXkGuQEThywbMYjXnvPhVb,77.8,04/09/2023
313,35.3100829,46.3708668,Violet Tree,1F5UjB2atCEt7uRyydFjv1Erqxu8Bkcxwr,92.43,04/28/2023
314,35.431682,112.283403,Brachythecium Moss,1HhtxtTsYFx7KyW8eRnwdShvwtuhKkzGQ2,88.32,04/14/2024
315,32.993106,97.008784,Gray's Broomrape,1N6yczey4EGa6RaUjv3wFuigLJxp21eoK7,94.4,06/18/2023
316,45.1238884,2.9802744,Knight's-spur,1NSH7XrSnYeWqxyW87KcQRfaQ8vYHLDDos,56.91,04/09/2024
317,-15.2192781,-49.4059435,Lambstongue Ragwort,18yK7TwZbiw2UFDZSiC6S4Ldz715LAtADo,88.06,06/22/2023
318,-3.3937106,-44.3606211,Alabama Supplejack,19ntsoGw5gqKzPQBtBYN3cpJknzXh5zF61,87.91,05/23/2023
319,49.917089,19.468167,Divided Rockcress,12AEhXcr3jDjBuST6HgzDrKvr2qTmiRB5q,92.63,07/26/2023
320,36.85608,81.660646,Water Ragwort,13tKZxDHXjEbw2F1P5BzzDtN5AbEQ2VfqA,76.02,06/19/2023
321,43.6158396,45.2369958,Creeping Silverback,1JHgWyt2SpEuL2n22SqKGZMpMNYUq6JYby,63.73,06/12/2023
322,59.4048322,17.9494929,Stiff Fendlerbush,13Xk6134fiCCkmeEDyosMGG8kME8TvxE5a,67.5,04/01/2023
323,34.107815,108.602317,Erect Island Spleenwort,17Nryz32jEfTLj82wSqbAQbwFSwcg4MCWK,83.86,01/11/2024
324,14.9817467,-87.8893383,Hypotrachyna Lichen,18s4uAy3fXf7yVFG7RoEdfNBJWMgKaUGTL,77.7,04/12/2023
325,-19.3088778,-64.3031372,King's Lupine,1DyEGec7M75XTgFLtd4UHi9EFVo3JjLfpZ,71.94,04/08/2024
326,-18.7942434,-67.0464591,Mountain Owl's-clover,186ziCLHvyYKSVZgPWa7oDBh4s7PxuktPY,55.57,10/14/2023
327,45.161017,1.663862,Cowell's Sandmat,1NbHndHtyuKNn6CmbD7zqY5eUcrfVkVZAa,59.45,03/16/2024
328,29.049672,93.953264,Toad Rush,126PkcxSWx8K5Vmy3avaChzF6ry2QDB5Em,63.93,11/27/2023
329,30.356669,117.47637,Southern Woodfern,1DxBhXnKYACAv7eAhvVfLVPjz1VhmYJkh1,75.1,10/05/2023
330,42.5246357,87.5395855,Tropical Waxweed,1H5HLHTyehQuYeCWVJa7zZXPd2aZAMkiky,78.94,06/30/2023
331,49.6605765,14.4266438,Spike Sedge,161JbnNGifQswSQJBuj9Aby9MpwPeMZFVC,79.79,05/18/2023
332,48.7276331,2.281825,Angled Mistletoe,1HAFNfdZpc7gXzsXsaeTe5p1YY2eCiUU53,54.48,04/07/2024
333,62.4857735,30.6173514,False Croton,1J9xdMo1qo4JVYuEFbAojzLFWmPAaMSqFS,68.9,08/15/2023
334,44.9280296,4.8932938,Phaeographis,1KadeT83p5uiXaSHLYByYNxEUdny7DGWg8,91.29,10/04/2023
335,47.532117,7.593124,Chinese Caps,1F9m2tVBR6eWvex4BrmuBXcDwkanwUPmX2,82.86,12/17/2023
336,14.4712676,121.0441201,Kidney Lichen,153hhvUL8P6JFPFXT1sgYgJx7M1eSa9oZD,54.83,06/30/2023
337,50.4674149,15.1761989,Northern Meadowsweet,16fVgiMvCLsTpfTCTwk1JT1bnbVCzjZZda,99.52,07/12/2023
338,45.7417486,4.8867899,Simple Campion,13CkQVZHgkfPCwtfUkBsuXo7Yzk4xoQb1G,90.84,11/26/2023
339,50.2759698,19.5946634,Palailaulii,1Hfsfx5d9B7oeuMspZfDX4UxvwhAJmQhir,81.94,10/15/2023
340,-23.2400211,-51.6639768,Mexican Stonecrop,14qyVjqkFF3HXK2EEEoc5WvYuKYmmJ5Qyc,69.19,01/07/2024
341,53.1859207,22.0862303,Blackjack Oak,1AX6jKLULjcJCXQgeGpgA1NVfzazc3Hb3v,61.39,05/02/2023
342,47.221906,-1.605738,Indiangrass,1Ebr1n9yoHm7XfN9qe7kbAbLRqaZkDQ6YQ,98.49,03/14/2024
343,43.9923818,43.7706401,Marsh Milkvetch,1BZWzHjiprbqGKFzkxZyu2xmfgN8vMnugJ,63.98,11/20/2023
344,42.5448774,20.3076276,Tushar Range Beardtongue,1PoBC39HnEZz7wvEZwjeGxMRAGxpkcyRQ6,69.63,06/11/2023
345,-7.5450262,111.6556388,Yellow Avalanche-lily,1FBH3NBMkocHFcDSz35dxUMxH9Zq6zaD6G,99.24,01/19/2024
346,51.035673,18.5985286,Arctic Groundsel,1Eh44azDH4ut8mnDELKoYUXHb8oxoSFyBX,76.27,05/28/2023
347,-7.4839,108.2332,Alpine Milkvetch,1HykLK6CVxTgzDeZ7yzCphysmTPBVaXCWo,68.9,08/29/2023
348,-6.2629253,106.7826245,Florida Little Bluestem,1dZd9zFATGswJ77Nb1s55fCoPHxSCP3aN,70.56,12/26/2023
349,42.76631,129.427066,Hawk's Eye,1Cvea4Big1UQx47X13TASGNQLu3v412hDu,62.38,02/10/2024
350,28.3683182,83.2934086,Cusick's Bluegrass,1JrJaMLvFzWB9Gy7U7A7tdEFFurjr7FKnA,70.54,01/02/2024
351,-23.7981763,-48.5962748,Spiny Bucida,14QafnPTd72beRWLwG23nhsFecorQHuh9Y,85.76,05/17/2023
352,26.567944,106.714374,Florida Bitterbush,19v2PAWHLpr6PN5QwR4zRKW1EwkHkBJZAj,53.95,09/25/2023
353,48.0589455,34.6153907,Smooth Hawksbeard,12dETKH9cuaG1JsEQKoqmtBFUKRurH2tsN,85.21,06/11/2023
354,29.859178,106.410852,Sand Jointfir,167omnVqDXcJXbEFzKmJ9abemb1uxgc2pp,61.48,07/25/2023
355,40.3809227,-8.6326289,Steudel's Morning-glory,1FXEESfkciWJDCTLYaXuGufFpwBhA9sUgv,51.84,08/01/2023
356,52.3119225,19.0849647,Geysers Panicgrass,16RYxNWyt6v2n6ZPBmW62nNhgyeWkfyjmF,85.92,07/06/2023
357,59.3164285,18.0590482,Buckeye,19BfWRjGTtbDR2jXSRiLQMam6wkZx2pYoZ,71.36,05/31/2023
358,35.786026,109.459516,Frosted Indian Paintbrush,1BZ2oAbREiUfkzy1zTzbEvgHJpupz9jsds,97.18,08/22/2023
359,58.0618351,7.584995,Largeleaf Lupine,1DWTY4F4sUxZ5T1Zt715vaqVCBuLqXPrxb,90.25,08/15/2023
360,44.8568897,38.6720778,Arctodupontia,19AnNPkF4EwpH3gJRN7HAGbZR1STTYzHkY,68.78,08/03/2023
361,4.7703172,-76.0623979,Prickly Clover,14x6DYWGK6gHwywx6RxCZSxZ6rNMJ2KW3n,86.93,10/02/2023
362,50.0509609,72.9660737,Crevajosa,1FkWkThwcc4AhsQ1D8v9Rpr8dyHjdaDKMw,69.47,01/23/2024
363,24.1919524,89.9681979,Tall Fringed Bluebells,18ranzxVuRaQkJWENXoj2p9cKbmBhZ76Nd,95.93,08/05/2023
364,27.775323,108.796556,Bolander's Bruchia Moss,18KTbgyTT3byyjHp2TL5QGfdwZwhspUMFc,76.05,09/21/2023
365,14.6099284,121.0348405,Southern Sierra Pincushion,125kNgGoiehB1hjZs2yt5rz9diyyAPY26w,50.15,04/07/2023
366,31.2889778,121.3464267,Trichoramalina Lichen,1PRK68aFetwYWdTozzYRRVq8ZgkW8cjJD8,63.67,09/06/2023
367,45.3180513,42.846668,Deformed Beard Lichen,1FfyaYRgV6AfVgk75PwwDLqvYq2kCg3rnQ,83.56,10/16/2023
368,-0.5107264,-78.5717631,Dewystem Willow,19zQhuKAqrcBzLDNDmYzX6TZDNnVMn7QYU,60.9,12/16/2023
369,43.862902,3.319109,Swamp Onion,1JVHyhrNTeCW3j25ytjiRYoodEBmL3ER3x,65.38,10/23/2023
370,-7.4726134,112.6675398,Bulb Panicgrass,14mZQUEwDV8c3b51mX42tstcCne8TjCeVu,78.91,12/18/2023
371,-7.740099,-40.2884386,Carolina Primrose-willow,1JyAQMrdv1yGPcePzFinCxgDwbFkRqpKzN,90.32,12/28/2023
372,41.3108613,-8.1338719,Columbian Whitetop Aster,183HyN5Lh2jMYKo5WpqpEfP45QRAG8Xe8K,87.75,10/18/2023
373,40.175103,123.4344271,Wart Lichen,1FPrQnXmFXgs9e6arkghQupqZqRTVEGNZT,71.65,10/03/2023
374,38.7087189,-9.2280364,Sphagnum,1KNCP1bLmSJTskEYh2DUd6h69sAow7Lnrb,94.07,10/07/2023
375,29.482105,86.228141,Glade Fern,1BNNiRZz9s6PFBpppcnF8Csfmazqv22AQH,93.54,06/25/2023
376,-10.1535089,32.6362231,Guiana-chestnut,1PVVAMk97waUZhGAD57duPxgXErMK6ZZY,73.38,06/06/2023
377,54.1491581,91.8814443,Arrasa Con Todo,1DfndPZ7VHzX8P6MgrezTdir4PP9Ev35cg,96.63,02/11/2024
378,54.2042169,27.8532022,Wyoming Thistle,1K9n62GeLHmJm9Qh3PmeE2wDqckzZNatZU,97.98,04/02/2024
379,58.4789614,99.1018946,Spreading Hedgeparsley,16CYUNrz7geJehWF5uLoLMpLczkcZZtNiw,60.7,08/12/2023
380,26.241987,119.618419,Trachybryum Moss,16Z6nbxfmGZ6VPPxYrRVTPVQSo9CVw8cBJ,89.6,03/07/2024
381,19.2949759,-99.110685,Purple Broad Vetch,1KNRKobNSTFmtt8cZ1QysSNeAh85DcHTkj,77.48,10/25/2023
382,15.8800584,108.3380469,Silverleaf Sunray,1Q94jAahea4fKBGsNWTQ7D6AHjH9sR3X9h,62.35,11/14/2023
383,48.8693156,2.3501981,Dot Lichen,1H7iRjtMoKzuA1L2xF5PJc3Bug79bmN7cy,75.81,07/26/2023
384,43.368364,-1.7705346,Nylon Hedgehog Cactus,16iU5g6gUGA8UQEzJrU6HEj6LvqTGsX4LA,60.31,08/12/2023
385,-3.7690648,-49.6755397,Lobed-leaf Stingbush,16B8Hou18Qv32i8UrxMuFd5tpBS1LCRmyP,79.88,12/19/2023
386,43.8914144,20.3501652,Showy Alpine Ragwort,1BMKRmYoxLsWvdqr2ZJQ59uBb5A7yVfEVF,80.38,07/04/2023
387,18.4489182,-69.9865207,Bejuco,1MHCikWgKLACKus8RKM8wmATTwcvj7QUj3,99.69,10/23/2023
388,43.57344,44.06134,False Brome,1JKjeA8jVNo3gbTPTvUsR2AfGnb3pfn761,87.89,10/25/2023
389,25.6577006,57.7856677,Late-flowering Yellow Rattle,1Q2PqSGhjN9XR9svag4EajenJHArw6pkV4,73.73,04/19/2023
390,41.3216465,-8.4628586,Wineflower,1MhDNXhktSvLHqficeLnrCdcdKGBtjAJxu,74.54,03/23/2024
391,37.005017,114.683863,Kauai Melicope,18FbFxnxqknuoCMuW4VC8MNt9or6J1TES,65.28,10/25/2023
392,51.2334376,36.697122,Dwarf Cottonrose,16GgeoMDAJaPGpr9gLSQ2b8Xk9Ay7mDDbm,79.93,05/25/2023
393,38.944858,106.639241,Huachuca Mountain Adder's-mouth Orchid,195wEPV2i3txtvaZq1T9wRh7C8cRAz7vbH,56.05,01/06/2024
394,34.570012,38.2921653,Bracted Phyllostegia,1DBKGvDf5fyf95XCCxan2ox3P4B1svrhe6,58.58,03/13/2024
395,49.0410029,16.9171327,Toothed Clubmoss,1EfBf24aLdQ7cVfZh25jGQzqBV4MfpuQdJ,78.01,04/21/2023
396,33.4352789,43.2811579,Beard Lichen,1MLGJskzNQQmYZ25U1EFa6Qi1yf8HTTnad,73.03,08/01/2023
397,27.804365,120.738172,Manyflower Marshpennywort,1PZAXREJYeAqX1hghmYBF44oYBnRGT33GS,56.94,06/12/2023
398,56.1747295,43.5299495,Caucho Rubber,1FhDYrjmt34AyoWxvaAE7eABrc2wU3t9PH,99.37,11/12/2023
399,52.3468215,21.2540462,Porpidia Lichen,19ZSqNcBjTNRkGxJ9BTwNjFEwoWAaCFVD7,62.86,08/25/2023
400,50.7842082,-2.0098528,Roadside Brome,1M9Gey62KG2UGXdJuidHm86C4Sy41NArWK,89.58,04/14/2023
401,46.204501,47.851999,Fellhanera Lichen,191wBvRfT31LPGbVxcUK24a1TtfVz7uFWm,90.75,06/20/2023
402,32.297028,35.10999,Clubmoss Mousetail,1HWCBiTcrynM5BgUU2gBR1buD4cdBZzVsZ,72.88,05/18/2023
403,6.76667,2.16667,Eastwood's Sandwort,12hJtVkF3jkvtV8DyGietk2mGFZNPoF4Up,55.29,08/02/2023
404,44.9544161,42.0328581,Klamath Plum,1D52y1r2BuxKovfRcxim6oRKFCxdgvcaQm,89.11,02/18/2024
405,-6.7535737,107.260056,Thomson's Porpidia Lichen,1No3sLG6ShwDo99femRt6WgJeM9iFPp55L,53.23,01/07/2024
406,45.46536,-73.66585,Savanna Blazing Star,17oyn4RFL5R6k4ngSVkrQJoJETSADUQvKK,50.32,05/20/2023
407,-6.864462,111.9390257,Yellow Pond-lily,17Ty5r6WM6HLjf4ojBKiTsudA16CF61JVK,55.03,12/18/2023
408,27.756339,112.555087,Amphidium Moss,1Fg8Y6viZFLzpC6nwsSYNGQVKBnZBjSqZW,93.59,07/27/2023
409,-11.1863289,-76.6481299,Guadeloupe Bog Orchid,16TC3TGnLdFTazKEpWAJdmBUgcHdiVcwDY,92.41,09/14/2023
410,-6.9338,113.9812,Western Catchfly,113Xqz5LErp5CHpexShoJMvBqZ37bxaQVM,98.38,04/07/2023
411,-6.8435796,106.8296372,Nodding Muhly,1FnBS1PBPg4Fn9FQW6ZpLXw3QK5rqrmd3r,89.94,07/21/2023
412,54.7767925,56.0399438,Smooth Cordgrass,1K5GKG2JrAwSkV7x1ifupKwk6Pe3ZHkVkT,58.72,04/22/2023
413,35.8197739,119.9696841,Quill Cryptantha,1Avxj5PpvrAYgbekJHv6t4u4x5JDqQUwAH,55.52,01/29/2024
414,-6.371137,106.022874,Ethiopian Wheat,1DmjavPwqujA2CDuWF73HmSAXCJVaFYBHs,82.2,12/11/2023
415,-7.3055182,110.4947314,Ulihi Phyllostegia,17nofyKxsLGEpDWvvdHZFLZd34dEys5dUq,90.9,07/18/2023
416,45.8512879,134.49807,Silver Twinpod,1NdqGA9oyb5KYsUkQzBd8ock2MXgh8o3Qp,65.99,11/10/2023
417,7.1796355,-2.1008486,Kudzu,12CqVqzYUcsrUkjhJnXdFryWVjdHq6L3is,57.34,08/01/2023
418,41.057857,23.6514405,Black Bogrush,1NqrWRAbiURvnnvFQEmNKekALXbeujgkLy,71.23,08/30/2023
419,13.91581,44.32414,Cutleaf Balsamroot,1MBqAr7QWJxwnRksX4RSa5fN7VTEzJqQGb,74.39,04/01/2023
420,-23.4157731,-51.4264048,Idaho Beardtongue,1Nf1mCcVAifkeCsAMFUunuL4tiiwkTpZJN,62.32,08/05/2023
421,30.786657,108.761889,Spotted Beebalm,13rPcNd2uti7qNXaLPehK3hGYxqXNkv9CS,91.99,06/20/2023
422,-6.7140331,111.6295545,Prickly Bog Sedge,1LLwhXMhmfhzXWgKrJw8EViXPrHaoX1CXw,81.37,08/01/2023
423,-20.1287177,-44.8645811,Wart Lichen,18G2qpJD8As8bXz6J1V1dbNeZrqC9JFQhN,50.97,01/15/2024
424,-8.1950813,111.9403254,Yellowtuft,1DrD4GZ8SzyrFJjg8tHd6wThbBchWYAEBj,75.57,08/13/2023
425,32.149961,34.8838788,Largeflower Goldenweed,18AffcVk9aL1JWrQtJUwksJPVKJLBHUob1,59.89,02/21/2024
426,59.6637076,16.5305978,Coenogonium Lichen,1JhEwRWxEMBBgkUQbuUNH7RW2yuLL14WdF,84.92,04/02/2024
427,49.417735,19.6808046,Fragile Pinkfringe,14KBz3QQuc3NWcev3GHXXgdXaL59nRR6Lv,85.62,04/03/2024
428,-9.6277897,-74.9749415,Caulostramina,1Jfaqdc2u3w7mnuQdLf24Mcd1TpYsKhHUZ,83.89,09/13/2023
429,51.2036947,16.1523941,Biscayne Pricklyash,1JeiBGDkViLu21pakQmVdUWXxBG4aryXqg,50.01,06/09/2023
430,41.8007356,-8.5394227,Variable Linanthus,1Jo4xKiRhLWBmEhJUGM7oUTPRtE75a3Ypo,59.51,07/07/2023
431,-1.259553,104.100502,Black Pyrenothrix Lichen,1AqAHtxPFtynYyV5S63Pt3KaqRUHccmrpK,91.36,04/03/2024
432,28.425613,109.56834,Western Fineleaf Pondweed,1LZKdeTbk2BNR4r5wmAZDR4aPs4NrzXpNQ,96.68,06/18/2023
433,9.9576111,-84.0284827,Herbst's Sandmat,15CAaWgC6GqiH7SDtUANwXceBhQ8M4wJaG,95.18,09/07/2023
434,62.0096447,-6.7716551,Eastern Wahoo,1EiSLXfLboNjPCtHZpuUXCRcN4inFM1FTF,69.33,09/01/2023
435,39.9716709,44.5352163,Red Sandspurry,1Kza4gFWi5VQ57ADi3SsucJtEq6U54HGji,97.56,02/03/2024
436,-31.7457502,27.3469574,Holei,13t89iGYq2hriqwFyEsmuh2JiWAHu1oSjD,97.56,04/05/2024
437,-8.9066345,121.3064286,Holy Ghost Ipomopsis,1PPfhae7evKCMTTz8oqh7vNt4hUJbrVvWD,85.72,07/19/2023
438,35.878762,14.439284,Mongolian Oak,12A4mbyrjuoFNegEC4oCpYAny7MkuFsEiv,51.56,11/18/2023
439,15.6452543,-91.6875527,Spring Spiderlily,1MjtbU8B1H1U9r6kudDjjLuHqt1pEuTiP5,81.17,09/15/2023
440,-6.8292253,107.3532717,Redcedar,1AwpYrjeQ3AwPdiCM4jwYBYM8sf9ggyTCX,81.33,04/17/2024
441,25.234479,110.179953,Wahiawa Mountain Cyrtandra,1ChHErAgucFfXUeHZbbG1EPzbFS7QJ6iLC,85.56,11/19/2023
442,56.9438063,51.0642669,Tube Tongue,14XNg6AHGsEjNMqT8HUBQL4WVmfuASf3v4,89.46,11/03/2023
443,40.2487413,72.1297653,Yerba Neto Hoja De Cueva,1HgS3VvakwBrmQMSvH9hFHfSP4hAYo3LhU,51.68,06/16/2023
444,24.651518,109.24473,Pink Campion,1KiUPLo9WvCpQi1pCRKNfYBaVmnpbMz7JL,56.1,04/19/2023
445,32.970422,35.542659,Nuttall's Saxifrage,17eyAVaarne2Lb3cXU6wTFTwPQ6obLLHXr,93.98,05/04/2023
446,49.297491,125.217735,Anoectangium Moss,17ExPeahugbPssmTfVD2bJum6akNoFS6cu,90.49,05/22/2023
447,-4.3805365,103.2894368,Flame Azalea,14BFkpR7kMBSUMjsQPDmKVNgsKrXF9D7kc,63.4,03/06/2024
448,9.852371,-83.6143148,Caucasian Lime,1CodZk8Tuo2RSD6HvniiJK1DyCTMyStuvt,68.62,11/17/2023
449,-24.1377718,19.1107114,Northern Mountain Cranberry,1MyJYHPg23AWkvq6PiaLH42LHLace8ec8J,94.56,01/25/2024
450,-7.0755404,109.4199623,Albizia,1AJEGsFKEZj3AjaGfJ8P45zK4oWbX6LDDE,79.23,04/18/2024
451,38.35,-81.63,Arizona Lupine,1G3ecdHgo4jvNJBRAEPDRdLLU6hXD7RhJW,76.75,05/20/2023
452,49.3193375,-124.3136411,Upland Cotton,1KXXqwGfUWuGdSqn5yLAo96FZj2xX8rfeF,52.7,04/01/2024
453,41.5826404,-6.2652906,Harpullia,1BXwGGaAVzeTdRh8Ex2NUxZtQUH37FJba2,79.16,03/16/2024
454,11.9404192,108.4583132,Whitish Gentian,1JF32LLi36BFKyM96RsWAz4A3ZpyerEWMr,88.11,09/03/2023
455,52.2063851,-0.9009942,Alpine Biscuitroot,18niCHpkxrR3EG9PVitbfSjW7ux8QxYXqu,74.1,04/09/2024
456,-7.167974,108.5077307,Pincushion Beardtongue,16FZ4sGt1eWwwt61theEFQGczHFZVxmcpQ,78.84,04/14/2023
457,54.0474092,38.404411,Yellow Flymallow,1MGUY9uPNrBx7JvBxyLTMwcjzou3pNFhWV,73.11,12/23/2023
458,24.348365,105.759939,Broadleaf Speedwell,1MqiYgzPcCeGwaUEwXKTMpVDfPSinJyKRn,81.5,05/15/2023
459,62.7303265,22.5785612,Disc Lichen,17wBjXunrZSiAp13c2MGRFAvayg2HbTzZx,89.91,02/21/2024
460,-25.0225309,46.9853688,Mancos Penstemon,1ERCeLVCB1WF2WXGR93QLgmM9C6rh23ti7,98.47,07/18/2023
461,-34.6961915,-58.8423829,Tall Townsend Daisy,14hXVE1jRmd89MZofstNpExbWJ4FNXG2iv,62.06,01/04/2024
462,39.4365442,-9.2134149,Flowering Ash,167n5xtBTUxqPzkb3qS5dvtfGRCgb3H3wS,99.3,09/22/2023
463,37.619096,120.846204,Lanceleaf Ragweed,1xVnR7idLzQYhG4LDAvNPRnvUY6uKWzef,83.45,11/28/2023
464,49.0096906,2.5479245,Rimularia Lichen,19fKA7V7DcwzUeLG9J1aCakyct3BnPzQc4,79.16,07/25/2023
465,49.806882,125.792864,Aroeira Blanca,1EAQVT4YsvfgeEywiDqVbA8zvhP3pwmHD2,63.02,02/10/2024
466,9.7639,14.1539,Oat Brome,1KJVWwsnHD2FSR5Zj6FMYMphv1MRKR5ArL,54.03,04/01/2023
467,45.1800316,0.7237613,Crescent Milkvetch,1F3wyzmvocCvmSxqiyvtYi54Rf4QoXePEg,65.88,09/05/2023
468,35.8659607,14.5139265,Urban's False Cocaine,1KEGJeVBmBDPv85KEmqLwpnR79L8ytcScZ,83.05,11/05/2023
469,13.274365,120.618416,Intricate Orthothecium Moss,19C3aJChGSrJSTTW5UqoAVcJGNd9s9y1oA,60.68,01/24/2024
470,15.4004052,119.9303933,Knotted Rush,1Bq91yhWRDhC8iTjy77d66rng9MhCaNci3,65.0,05/04/2023
471,28.438851,120.564983,Cologania,1McV8M4uofSH7Hc8Dho7CbCcqFtcrQT86w,58.94,01/25/2024
472,-30.8772854,-55.5392304,Poison Angelica,1GsTsqSGKtoXjLetZhF34WbHTD2bwzZ1pk,91.96,03/16/2024
473,40.628952,122.511257,Ash Meadows Gumweed,1HNQVf58izP8Z4EHS9DyApmWW74USGBWfH,80.5,05/12/2023
474,14.6014909,103.0933171,Bristleweed,1GPCnMEjGU1EgHcGfZimcfVmVhQr1MBtYk,83.06,10/07/2023
475,-6.4933318,106.8809319,Sessileflower False Goldenaster,15BsnyG82ik55STpdgTZxSZTm8ZpVjkyXy,67.96,07/04/2023
476,47.2990712,-1.5086685,Rough Eyelashweed,1Nqbq2zK5jZh6snkk87jng9zteNL3sa8ft,77.36,01/30/2024
477,2.7682671,-76.4215988,Casasia,15wWWz9sBFqhivKENchLd6K3e516XsQVV8,83.2,10/13/2023
478,-7.823074,110.1576731,Woodland Coffee,1FPuGHN5Abs176Dh5XAUhpituYqqCBsKc8,90.46,11/08/2023
479,-12.7902832,45.1050487,Grand Canyon Campion,1JYfaRqMUdpWiQgiukgkmM1AjmQCFGjZ6p,83.07,10/21/2023
480,59.9506531,32.7362252,Hybrid Ladyslipper,1E5hNgj8SFmhQDQ8UBKXMcdGF7yBxDFT7P,89.21,10/28/2023
481,45.4592577,75.2050312,Spider Milkweed,12d2pPrxgPs9EdJx2KJvqWaSZNJ37bFzxE,62.8,04/23/2024
482,37.9273983,69.8001762,Carolina Ash,1H8FzYNcKAiwfNjf2R4nHVWAU3yWhPyLnP,68.54,11/21/2023
483,8.27533,-73.868176,St. Jacob Texosporium Lichen,13mPHgLWSv5WDxDBVJ1wGrofDLhzWhmvNp,66.06,07/05/2023
484,7.44891,-71.304474,Coville's Dwarf Sand Verbena,1Dnm87Zr6pYCiGdX57RJuZzPe2uomN4d5Q,95.93,08/22/2023
485,14.5966665,121.1870788,Crenulate Mountain-avens,1LJf9NVdMhLTunKuyxsLqAyL4ubAPnwUt7,99.54,04/16/2024
486,-4.7407988,55.5081012,Pawpaw,1DP3yBZD8ZZJcv2GSGAJY4zdut4CzEgoaC,84.13,01/12/2024
487,52.0108,86.5467,Perennial Soybean,1JfmL5d7Cyev4qypzzZ5o87BUcLVJsyMFx,53.05,04/12/2023
488,-6.797767,111.3262355,Hairy Small-leaf Ticktrefoil,1Fi31Tc38VWihmpjzu619uAXgt1xoKqJdF,58.92,11/06/2023
489,56.718213,36.770859,Parish's Poppy,15Ns3Aij1yF5w3KGJjVC96FqNAb5iF8PFK,94.97,04/02/2024
490,-4.2596751,-43.0182166,Nevada Podistera,1DoSquYibB1xbxcEnB1wiTHkoCsTxp6RX4,77.87,08/06/2023
491,25.6872431,32.6396357,Amaumau Fern,1CtbxsyVfzxUbss8QbAuBkRY5KYzR5GUor,88.6,05/10/2023
492,-15.0418557,-70.3673152,American Beachgrass,15vufgqHqyfzRAHC6dT18HhXQhnofGWE8Y,66.56,08/15/2023
493,32.644902,120.353259,Delissea,1Vm2Egbo6TrX2Ps9uoVoSR6evc1NyCzJq,52.34,09/09/2023
494,-7.7308816,109.9081382,Common Tarweed,1AoJ9EF5ah52HB67NBGvrBYhFTonG6pegw,73.72,12/02/2023
495,39.042852,117.318781,Marsh Jaumea,1HrX1BJCRJr8LNJBjkUWgFMwC6wDMZ9NHb,68.86,03/19/2024
496,14.762796,108.9739954,Parmotrema Lichen,1CbpnyR7onNX47F2jprERxcoATRVUTzEcd,66.13,09/18/2023
497,-36.6131562,-72.9588593,Common Hardgrass,17Cu52Li4phJUJ7sRptCgG6YKxFauivBCn,84.37,10/22/2023
498,35.0863004,-85.1790404,Rinodina Lichen,1X1wumTRwSKvSwkMye21NuJGx4XKnBHaM,72.95,05/08/2023
499,55.5939065,61.6171856,Sixweeks Fescue,1Pgh1R84jh1uJGHNxoTyXnjaCjkHvq2deA,81.99,05/25/2023
500,-19.3882364,-42.5117238,Speckled Spur Flower,18FqCmxZVJh88eU94izGGRbQciTGqLjF5n,89.26,03/03/2024
501,56.7423811,61.7593478,Chaenothecopsis Lichen,1JWWzMaQEQi66p7RUo6Kt2x3tzyzAFdTHM,73.58,05/16/2023
502,-20.2695062,57.6297389,Northern Purple Pitcherplant,1EEi3zxroyqZfYY53QXAsiLJv2NRwUhxLc,68.21,06/15/2023
503,48.1933831,13.1657762,Seaside Alumroot,1QEEDGv2p774pf1L5odLbcAR9Vc9iUR6WN,88.2,06/13/2023
504,0.2827307,34.7518631,Purple Broad Vetch,1D13yDSo9USQNdADvavik7vKGSPv7P6dgx,52.37,10/10/2023
505,37.1264754,-8.2996637,Pygmy Racomitrium Moss,184FAwd5NVzki7y2dYCLyrCNMKgt1E1rRa,68.03,12/07/2023
506,48.2618635,37.8561647,Wilhelmsia,16f4vnemDdTPs98i2nrrDgU2ftKyYZB8rF,74.96,11/23/2023
507,-34.7368519,-58.5019467,Kellogg's Knotweed,1EmYWYq64u9w38w913r29kNNS1Mjjk9XF6,77.48,09/07/2023
508,2.6707039,72.8914233,Macoun's Draba,1N81ZFzR7hzs2PofpzZh2nFMbZo7ANkuUn,69.2,12/28/2023
509,23.5651914,58.4201892,Zollinger's Fissidens Moss,1JjpwWFXRSN5QmihSRV2gNHNoA1QucPApT,94.99,02/26/2024
510,39.40278,21.89472,Serpentine Monkeyflower,1HGdZsmFcMHeqxwfGJouHFGYFSHYKhvd8,98.28,11/10/2023
511,50.0385516,14.0470364,Herman's Dwarf Rush,178yy91eF1JJ9J8oo44ocPpBJSpUCMnKxs,53.56,01/22/2024
512,26.89023,100.233878,Glandular Rose,1C5FanveAJ2hPBocMrZYTdv446qVHadPop,76.72,08/26/2023
513,-34.1998816,22.104272,Pale False Mannagrass,1FLhTVzQXidSHfWiyUUCmPEcZa64rWKhsN,57.72,07/21/2023
514,-1.8703308,116.3013267,Hammock Fern,15R3XfotjipjbpEbog5iecre1zAj3dpBp9,62.22,03/17/2024
515,40.608793,115.099494,Mecranium,1GQLRREVnEnqcsND3exnD3keox148SQMTn,51.44,11/21/2023
516,19.6300952,-73.1554281,Madhuca,14tUAaPGLDw5pov2QCGMAdAQTLStefdx99,71.14,10/03/2023
517,40.546361,117.659499,Costa Rican Lady's Tresses,18y3ZxW4BXKNgLX8Tj689X6rQPpzauSEv6,98.78,08/01/2023
518,-26.7416528,-52.5852334,Western Tansymustard,1DNJ3AZcA54z4i8PzXPELNfK77AeppFv9x,74.56,08/23/2023
519,30.20003,115.038835,Kidneywood,1DogFc9eD22EvZgyJAC5Fgo1ruSTaynxA7,59.77,08/09/2023
520,10.770555,122.535945,Striped Knotweed,1wftZfeQDagXisETtSrNptPtaHAT5fBkf,54.7,02/17/2024
521,49.51688,-96.50029,Antenoron,1EaoZVkCJ6puM9Dz47x3vijPANRDwBtvxW,58.35,06/30/2023
522,14.295795,120.9905117,Herb Bennet,1CTTtfpaxRHidtLtNU7TnFG8gwYYNn9Pgu,86.1,09/21/2023
523,-8.1968847,112.5304693,Menzies' Campion,12JahFxPJ9EwwWucS1VjDprjWxvnvhqjWd,86.98,08/30/2023
524,38.09234,-8.204915,Coast Indian Paintbrush,1GbavuRE2N4FD8gP2jnFMyEMqQMboJnkPg,69.23,04/17/2023
525,46.9656528,28.7657722,Smoothleaf Beardtongue,1Kzo7bTsx7VhC1SAvG1AV1smfFtUxD3baB,54.13,03/20/2024
526,6.5060695,18.2763069,Hawai'i Mirrorplant,1HBvxrxL5QREHJFDWP6Cmdz8pUrdLv9shi,91.99,06/13/2023
527,-23.7661064,-53.3206105,Crownvetch,1FJbXZahicvnuHhrwc632SVakYJst2UwiP,85.24,04/02/2024
528,-6.1870969,106.8655689,North African Knapweed,12diajVFtejPZKzynHkLj7yiuQnBhaSqPu,71.15,02/02/2024
529,47.8313394,59.6188673,California Broomrape,1B9qJnMFJ4AwuVWpFw48hYPhKDZTHZ2q2k,95.56,09/15/2023
530,24.117102,117.613808,Chinese Tuliptree,1NWKm4ybEbG46v4c6cdTFeGTSq8NT8XXig,73.27,09/09/2023
531,42.2253803,-83.3415334,Desert Willow,1LMSbwWDqXb6Sr3Vd8ZAikndUw2Hc25mnf,77.03,05/23/2023
532,55.0319476,36.7358019,Essex Hawthorn,12kjZ9Rc1cdgkW5Wpo3mMi4RyGUHwushEz,67.08,01/11/2024
533,15.42495,120.77476,Capitate Sedge,179YgJcqhUj8UsGuHcBVVgkw9wEL5JRm8M,52.89,11/24/2023
534,15.016667,-85.75,Darkgreen Sedge,1JVRzSJniuw4zdXZnADwYNfj5q1MFr3wun,96.65,04/16/2023
535,14.0119593,43.8673222,Wreath Lichen,1Mbb1Wj87gt2yPMs5LXuMjaGvy3mrZ7j6v,67.76,07/12/2023
536,34.0078256,71.9355029,Pouzolzia,13b7iZQbtZ76dJKoB1z4SuKmtdwRPWRQC4,69.27,06/09/2023
537,42.6259555,41.734917,Yellow Loosestrife,1KVSJAqSeH5rpnxx4DBnp1sFQvfUpsJ4A6,61.54,10/27/2023
538,49.9800949,19.234704,Needlegrass,12aZvjsuw5PJ88LvssWFtTea5yhb3VZHwt,51.6,09/02/2023
539,-23.4157731,-51.4264048,Elegant Bristle Fern,1JYqtwEE9YfUuuzDPv1V1rK2Rj5uRgu864,81.97,10/13/2023
540,-27.9094431,-53.3122927,Berlandier's Wolfberry,1HjDsKandUjmuj7KrQbaFkBHV3GpN2XMKB,99.35,04/03/2023
541,54.157108,27.2318325,Hartweg's Sundrops,1EvQ3eiCMi8XUsM5APG5QEn3hTCFDwfrEe,52.32,04/09/2023
542,25.783198,109.607675,Desert Twinbugs,163iwgs3zd9SL5aRCiw1jkPw1Aix3g1bt3,71.67,06/03/2023
543,32.271335,121.293439,Jones' Pitcherplant,1BhhnYQ7DdruWQuzfQNby2zDLmHoWD7UzN,56.04,10/12/2023
544,43.8447278,4.3520438,Knotweed Spineflower,16rjc9UKwwpjWzkrZDQDQE7wZ6ctaVW3ZX,52.57,04/04/2023
545,36.962751,100.901228,Slender False Dragonhead,1N52HazyLndgbH3amtQQ8mWsJYTvgH7qjm,66.55,09/04/2023
546,29.731101,116.251947,Douglas's Catchfly,177xrSrKhitVYuKD8GLnSEbMjSryM9FDF,55.36,04/29/2024
547,3.64333,97.46279,Deane's Milkvetch,1CgNUzrVL919a9etpAsqHWrYmBphsUgZhE,84.43,01/30/2024
548,-26.1353484,28.2949405,Diamond Valley Suncup,13MrpFa45DNnANsWnANh2rLiYzGKDP2qZP,73.47,12/28/2023
549,-17.4013758,-63.8817832,Spreading False Prairie-clover,1GPLdfFMRUBdNsV8Esk1z8L5sT7AcXVRMN,86.24,05/27/2023
550,52.6200204,81.239598,Winged Bog Orchid,1QGoeY6yprCC71Gv8doRyT71kENdZPqA4B,67.26,05/05/2023
551,40.73192,72.76177,Bracted Lousewort,18RRNu5Akx8ymMbg8tsVgMsZxZ79kXdeXZ,61.65,03/12/2024
552,14.8753647,-88.0729754,Nightflowering Wild Petunia,14Whrfev82S9YQYDh7t45XqB6ttfEDsy8J,91.25,11/11/2023
553,9.4546148,-64.8318347,Alyxia,1MJ4S7ehJXVFNj7W3cej9TKwqovNzGzBpd,50.06,10/22/2023
554,55.6830117,37.3439888,Wright's Baccharis,1DPcU1C5n1R2mWr7WRVH4nFTop5qe6Ungs,87.49,03/06/2024
555,37.8334351,23.802873,Pyxine Lichen,1JHuuNMXTwALkxbvAdj6FJp8jbAKxQvtW9,55.22,01/14/2024
556,16.3270679,103.4916438,Cliffface Catchfly,1GgPaSHhzVEy34xVh977FzJxc6bCmrRRMm,54.7,12/14/2023
557,37.2418804,9.8738907,Tube Lichen,1GXZyzC1GGhUhJS79SvqfLEv27PqLHhaTY,62.07,04/05/2024
558,48.5347071,7.6370168,Vallonea Oak,1342y1jaXkc8XV4SqVH5CqKxDcPSe7Q5ca,93.98,08/09/2023
559,-13.831435,-171.7985223,Bittersweet,1KR5NUZnxAxsLHTESsBoBtnqEeArhq11jR,69.93,04/26/2024
560,43.5757545,21.331051,Adonis Blazingstar,1KKNooQhW2K99A2QHS1n7Yh7hbMnubdi6F,77.1,04/07/2023
561,33.489895,-86.8094808,Jeweled Distaff Thistle,1CBCg8JDcmr3nzMVPTcgWgZUSqMge7k65D,92.1,08/11/2023
562,2.2250009,-77.0794705,Gulf Indian Breadroot,1JmthWfbSm9zWJp1SQ6NgJ7S3hTrE9eMLH,95.34,09/23/2023
563,19.5250552,-99.1712174,Red Buckeye,1BbwcnL2CqFibfoTojHX1FDS9LPqi51EzT,90.86,04/12/2024
564,65.8489911,23.2115122,Rocky Mountain Elder,13Fs19w1FuRrtjb1p2U6kxhUBnhFTgfvDE,88.82,12/14/2023
565,25.8007724,-100.4277766,Unequal Leaf Bryoerythrophyllum Moss,1CVhw2upm5ooJtxP9NtjitBPTjGWzr6eTN,77.29,08/03/2023
566,36.389401,120.44716,Golden False Beardgrass,1H8Ccqbsw2ADE2ZoECXd4nG93dtsdcUJG2,97.64,04/24/2023
567,24.546876,107.04219,Dense Cassia,17t7GiGbVXZ8B4dqBzzfyMFR1DZpdSctuS,72.97,07/12/2023
568,14.9163748,-23.6040974,Callingcard Vine,1MtWWd5tjkeftFSiC6LB19S6ce6biT6XoZ,74.7,09/14/2023
569,56.290878,26.721958,Sclerophyton Lichen,1HrNh2yq5osQB3AH7x4Bg7uedgwvBpUAtA,85.93,04/12/2023
570,-3.9997372,-38.4429274,Myagrum,1LTfivAJxhZNUb85q4uxxZSeARzhJgHDfB,99.87,10/17/2023
571,-7.2376196,35.717481,Pink Honeysuckle,1MiSfBT9WT7Z5wogE6veCxyA9XHs2fssdf,66.83,03/26/2024
572,32.851086,129.9478595,Serrate Aphanorrhegma Moss,1QDx1s5uh3Nw3oynJ2n6rVYBbchXoYHriY,61.62,04/29/2023
573,1.5837191,10.4705682,Leochilus,14RQJxcczxAbuXnAhxU148EeBGQ2WEwtC6,87.15,09/03/2023
574,52.579839,19.6295361,Butte County Checkerbloom,1KCaZHM1nqFc98sKYjuPFpzZNdDzSGfFAS,55.52,02/19/2024
575,39.2708955,-84.3279093,Small Japanese Silver Grass,14Vd6aMkNK31jKEfKEMbJLYh1AGvZT8rhG,60.03,08/20/2023
576,38.6031664,-9.0785922,Pilose Phyllostegia,1HPskPFNPpnib4iP3erjpAvpr362WAAdQa,55.47,03/22/2024
577,41.6716076,-8.504234,California Buttercup,1NSAHEF6RcBPEvv3jBmVBGZHdMqHGz6wyR,54.47,02/07/2024
578,38.9048517,-94.6864991,Chinchweed,1BQFCPqSTR9kCuz7UcHpJQFxcsGCjiBevU,52.39,10/19/2023
579,-27.112723,-109.3496865,James' Seaheath,1M2WLbELgvkaGnXrrLfaAjwyaqNYGTyfSZ,94.68,01/17/2024
580,-6.2810348,106.8280147,Vogel's Tephrosia,1CsoroMp1nPRTYEPgk9yLnFbyqox51KGVw,69.11,02/19/2024
581,38.9003669,-77.0351137,Hippocrepis,1By82oQtR3zCYNQAoTKd6M35BcUr2pAw63,56.06,08/14/2023
582,41.4592281,-8.1841929,Hybrid Spruce,1FrNvuLhpKDtAqwXfBE3QR8MvfXYrUMiRz,94.63,09/11/2023
583,38.320362,114.723904,Arthothelium Lichen,1LoDseEU18p5r7h4NYwSzQwJ42nuK2gLmA,79.39,02/28/2024
584,35.86166,104.195397,Wiry Blue-eyed Grass,16Dry5NLLAioPAstGadBdPfEx1fsjhB1nN,57.36,01/31/2024
585,44.0527811,6.1717148,Whitebristle Cottongrass,1PvGm2vvZWtHHy84rdNcYurdFsCCNSwwAi,72.21,10/25/2023
586,62.4232512,21.4744125,Spinster's Blue Eyed Mary,14xf89EAQjfUPUSLKUhEE99rbj4TzhjNC3,69.78,05/25/2023
587,34.620202,112.453926,Eurasian Solomon's Seal,1ELgAJ5LHnrUFPUw9kBWBjWW3V89JRbqeB,78.0,09/28/2023
588,-28.6880903,27.4380189,Garden Heliotrope,1BGDq6MJdhQkoCLZgvbdwYo6dG4FWSAK4E,71.93,03/31/2024
589,-6.2477331,106.9154061,Slender Woolly Buckwheat,12npbTbYvE1LPUa2mjgxvY7z6u5N7bAQvA,74.05,04/07/2024
590,7.44891,-71.304474,Rim Lichen,18iDdRFR4knkEs3Wr1wMxk4tGGJFwKEqq,96.37,08/05/2023
591,40.0017058,-7.7141554,Bluff Rockdaisy,1HnZdZdyWN8T4u5LC8DukyrrpybpksuP2B,93.07,10/17/2023
592,46.69823,-71.58275,Alkali Swainsonpea,1Li58CVPtPqAAiEB9GNSpWda7eoiD76wkf,79.2,05/06/2023
593,7.46932,134.60991,Detling's Silverpuffs,1BhX9WUJUudJtU7qMGiWHKi799Y2iip1xL,97.14,04/22/2023
594,60.6184239,16.7769535,Sparseflower Jewelflower,1Q9q1hNS8RjMABfb7bEKDvfKyWtVwGWRW,56.72,12/19/2023
595,-8.729881,122.0212337,Red Fir Catchfly,1DR1iVeYSG9TD4nBSt411JbfxWk2XNnPaf,93.46,07/23/2023
596,32.7894701,73.8236143,Rough Thistle,12kvTnhDyD9vcjsCJM43Jjkm1P9HrajEKf,51.74,09/22/2023
597,42.1662941,48.1164779,Stinking Hawksbeard,1NSAawBMsnF7ieXfGrUBBeCUdygvzBHsUL,60.71,09/09/2023
598,14.582807,121.061708,Bristly Matilija Poppy,14ZaMKtYyb9GpdGPSbiLqPZxFchw1ewJZJ,66.11,06/13/2023
599,49.5111458,17.5282441,James' Buckwheat,1Hp7jWeaCZa4mQZhVcwzmyWiaPoSACcDqT,98.59,08/21/2023
600,14.5806413,121.0036417,Cafeillo,1PnnpRtxB1BNKv42ustHvMQSbZJi2M6XJX,93.13,09/16/2023
601,36.3400071,137.8830829,Bugbane,139bFJUsKi1VPXYW1wZQW7tiscjWcNa9vp,68.82,04/03/2023
602,23.084827,113.290609,Lemmon's Jewelflower,1FciJ8Avr2wngC8xRGmMBWt5Y3CA2JFLXP,93.78,11/12/2023
603,-20.8420055,-40.7357215,Bedstraw,154L3bVWmnntR67uhmKY1BpAo4btn8FchB,94.98,10/26/2023
604,45.7022525,9.6323203,Scrub Palmetto,17oHKk8Ajg55Qg61MMTFfTaL6bHsd2FAMP,56.18,06/03/2023
605,26.750454,119.105047,Pacific Lousewort,1EYejQCJRrHge6tPscjkzwvxdSAe2Jvfau,52.7,07/30/2023
606,-8.690455,122.1348629,Snake River Twinpod,1Cfz1pHv3bKc4JFTLdfBLuiKGHTkTMNNDG,51.64,11/16/2023
607,48.1734633,23.2972476,American Trailplant,1M3Z4p9Pqoppzjwk9pzNSiVuVZaoXYw8qC,58.98,08/15/2023
608,35.615489,102.009491,Maluco,1G9JnV1eDJYj8MK9rvmhBXp3iKy8YvzAqx,52.21,08/23/2023
609,9.7457208,123.8401962,Jeweled Blue-eyed Grass,1KmXm81A37wCjQ4ukzXbujuo6NzMgzYJCe,53.6,08/18/2023
610,6.3188032,16.3758145,Queen Of The Prairie,1Ds5d3FpVoocdCyFGkTmZ3T6Fpsk3XGEwq,92.18,04/11/2024
611,50.0449195,13.3750303,Australian Water-clover,1NQXudc9dNk5dNS7gUiaSNyERfwXsQc7Aa,62.21,10/11/2023
612,30.601966,115.438847,Flaxflowered Ipomopsis,1NGp45Jhza51wTZ9hofohdtSm91i1E2d1F,87.44,11/10/2023
613,41.385858,-8.3854178,Lateflowering Goosefoot,12dnVpYakbZboArBtVGkekA6YAdcLeu9Me,77.69,07/03/2023
614,52.7567887,25.1531057,Pacific Jewelflower,1Mj9b6hLkpzRdHkrMvrDq5dut7DbLpcZQc,59.59,06/16/2023
615,53.5087757,50.1567556,Silverweed,1LrcZZW3H1GM233utwGmV87tVBwP72GDEG,80.99,12/16/2023
616,39.554247,113.191098,Atlantic Camas,142BLjFUERGmTeZZC2cdU5FzVXy4n6Nx8V,64.33,03/28/2024
617,14.7172639,121.0413488,Low Woodland Sedge,1Fnir34UHx6EuKyjuxtA6PCaXXstmK144C,74.88,01/14/2024
618,49.7961202,6.2871406,Virgin Phacelia,1BcCdjrmhk6aMvEEvwDKMHyR6HTCTjdzCs,83.3,09/07/2023
619,27.1259886,61.6713386,Cream Milkvetch,1P8d46Kw3vba8wbK3EWoLPVJYHBBzExdoB,96.69,06/13/2023
620,-21.013792,-42.8376099,Matayba,163aDVF4pnwwRCt6bFFfyv5uaebGFUGtKh,97.56,12/28/2023
621,34.53879,36.91909,Lagrimas De La Virgen,1NcgtK4uz6JVRKBDkunfK2QcajSCtoxVgm,75.43,02/04/2024
622,9.9126704,-67.3614586,Hearst's Manzanita,1669Euhn55LrVnvXc73aVKFcm9y26WKtM7,70.34,07/02/2023
623,52.0990723,18.6045805,California Hoptree,1MLzy1TDjCMUPehJTBrH8ckfGLDwHLqUtf,59.56,08/13/2023
624,31.026665,119.910952,Mountain Oxeye,14R6gtvdA4GCNYA6AY6gKpJWU8aHWi5fQD,97.57,06/05/2023
625,41.1661316,-8.6784476,Pyrgillus Lichen,17HToJakgoTYzUScFQhWjoYBZGVTjLScJB,71.81,11/22/2023
626,7.7151954,123.2089252,Hepatica,1C1awxdP5GJHGShsVKkPDHucMi41ZGnQVh,68.06,04/21/2023
627,50.4225,104.1075,Serrate Aphanorrhegma Moss,19bHjewSs656b5GkUcBbQWEBfkY1x4G4io,71.68,05/07/2023
628,4.203572,-74.643383,Bullseye Lichen,1NQ1MJ8YsmiQsXpbns4WDrgBfXwTnuysik,68.06,09/14/2023
629,-5.1804211,105.4302383,Wood Bluegrass,1NzAuWqy41sWseVBiL5nxpEkEjF388vGEM,63.46,12/30/2023
630,-32.4499018,-71.2325958,Gyalideopsis Lichen,15hmWkcbuRUkUNEbZmri4w55Zmkh5LwzcA,81.38,12/21/2023
631,-8.1448805,-79.0517936,Palafox,1N2NPPif4saV6GLVBc8N6CwtyW1XMA6gae,65.26,03/15/2024
632,-7.1309871,111.591546,Maclura,18bnNMoP1wSU6PFzVt6iJSRiF2jcQs3qgm,50.43,07/26/2023
633,49.7115204,23.1314414,Missouri Dewberry,1HoeNv4DawoEKBoATeenZVh1fzs2zavuhb,56.15,04/15/2023
634,31.2035483,30.5502219,Lycoris,16wyzcRfFoiMaBdYy4QAFmKTYC3fpwvQzn,91.08,10/20/2023
635,38.521085,102.194089,Sea Spurge,1ELvaYSrsSsdSaK68bCCiyz1zPz3A4Xq2w,53.46,02/26/2024
636,42.0722039,-80.0964415,Beaked Skeletonweed,19tFe77C9EtbBKitrM17F874FeKzBvwScj,71.47,01/22/2024
637,48.851792,123.810261,Tropical Almond,1HJkezSKSMf2ngBfCZjq3VdctfaDLFJNnG,83.21,10/26/2023
638,40.9331541,72.9814877,Waterdropwort,19DYXq4K1C7auETh7sfLKzgsh4bUxLDaHh,68.05,10/05/2023
639,32.21252,106.230327,Northern Catalpa,1K3n6kWdnhtdyXfNKVNnvBr9nLPDp3aWLS,56.15,05/05/2023
640,-8.2298682,112.7509656,Rice Cutgrass,16CggFJBMggoCp75YGWqZ9VRbNxR85pDbi,80.09,07/10/2023
641,41.46278,21.49111,Roundheaded Leek,1Aee5GwHGBmbt8gPvAqxQnPpnyYtTLxDGy,53.37,08/13/2023
642,9.0968746,-79.4422593,Nevada Dalea,1GraQEwJWqrWeMhpEAs721UCC8dEx7vJZb,57.08,07/02/2023
643,51.725198,75.3150685,Long Grape,15pspP2cvz1zC1j8MryFVtskbY1QAisJ6Z,67.72,03/06/2024
644,52.4198041,20.9258628,Crandall's Beardtongue,1DAT4X5e3U67UYX5UV85YJmaDgQBRQ8k6n,99.53,07/07/2023
645,43.897258,89.939332,Mayflower,17nM1mWNa57we7WyshQwQ4cMo6tVQaw7Kz,95.32,06/17/2023
646,-7.3175297,-63.9586111,Entireleaf Western Daisy,1gyKzTGgiUbK6nUNJQaiSUhXUHwJzqVam,93.53,11/06/2023
647,14.73927,44.20664,Locustberry,1AXd5GhnfhXXjyYhyDWHVcdPokrMm2ZiDk,89.29,04/27/2024
648,44.9790183,-93.1855735,Urban's Nakedwood,19LoSaZ8L3d6xYhLFHvysMXfUQ49E6ytxh,62.34,03/01/2024
649,-8.2077579,114.374997,Snow Lichen,19NDnNbHihjeg2m4UMhxadAm6yxddMANFy,90.43,04/19/2023
650,-26.7649439,26.4252906,Threadleaf Fleabane,1J5r9Nia9WdcuQwSJnQ1tAzxnZf4pKzGwE,77.57,04/18/2023
651,37.6351721,22.7288576,Bird Vetch,1GRymBeyyhrN966sktPSaAsrLASygay4tv,61.78,08/23/2023
652,34.87725,103.8617,Scarlet Oak,1Ap5Z4eNPmNzMXFzzDvYgHdTnTkbKWSSvH,90.71,04/20/2024
653,-7.03126,108.28306,Nuttall's Biscuitroot,18EEVVdFjyaPTQMGdbXhaUvhaQgsYhcpzn,56.05,03/20/2024
654,55.9180886,39.1784374,Lion's Ear,1Eris8Qq3m2A5MecvzSq2DqoQaqsmBFkig,75.91,04/17/2023
655,39.626223,106.870444,Yellow Wallowa Indian Paintbrush,1B7DxuKijNiVeH5T6srwerkT3QSHjChnw8,59.17,02/05/2024
656,64.00189,44.44513,Long-pod-cassia,1KSxZ8sYkYT82dYVdx64up8Pe1VLjcqe4D,61.35,11/14/2023
657,50.5416315,13.7594816,Thelidium Lichen,1N86c2kMDgW2aFiErwa6WRHgL4ipmQjHVd,91.8,04/01/2023
658,15.1858624,120.5896151,Veronicaleaf Brickellbush,1QHGFNFh1jHkfo9xKGtyZQePFt76D1W3hz,76.12,07/09/2023
659,22.517585,113.39277,Goosefoot Violet,17qPVHCyVGNyZpcovgAjktKtqbZ9aTtS9m,53.16,10/17/2023
660,41.1943451,26.2992566,Mauritanian Grass,12tfEwxQvGTnxKWHiMkEnbLs3ScsZqnbLy,83.43,03/23/2024
661,15.69327,120.45936,New Mexican Groundcherry,1JXakSH1jvMiQwpFvSp545NSL9pBXQTuSv,73.94,01/07/2024
662,42.0889602,42.5044843,Pinkladies,1HUQcoAnvCzmaDMRean9wwVQsXKRi7BqxP,78.64,04/25/2023
663,49.8905368,2.3081396,Brady's Pincushion Cactus,16bLbRxznDC7ixstjRLxEPLziHQeK4CHW5,80.28,10/28/2023
664,37.2484774,138.4445735,Ixora,1BoqQa8Rz5CQWs3HjUzL7vMbedT46oYEWR,67.25,01/08/2024
665,-3.8932818,-38.463596,Bladderwort,17Md26Lnaaw4VDQeabFW3RgFDqBu17SXip,52.4,05/07/2023
666,-3.5594169,33.4075149,Texas Bristleleaf,1Hg2ftAKCePVo1iDaJpTPZWpqAQrAjehRV,86.46,08/23/2023
667,54.76778,42.27111,Pussyfoot,1B6GfTqce2BFx1jziZg5p5kKriLqKzP6Bn,63.04,07/13/2023
668,36.114691,101.81962,Sandmat Manzanita,1AGrWEaWc55GnZQih7yNT8VtEYtc3gDEeV,90.04,05/15/2023
669,34.6040791,119.1782422,Brown Beaksedge,1CXJxCMMmZHdryvBpJ7L6DqTxrQZBrJRVg,99.03,02/07/2024
670,20.5083303,-97.6724456,Ladyfinger Cactus,17MqPcjdmrjjVfHyRtP6c1tBnJGQDNwhyL,81.62,06/03/2023
671,39.9474202,125.2230626,Pin Cherry,1CPpHdD5WfenfQncXUJooSWf4tJG35UusL,91.36,04/24/2023
672,49.8557953,20.8093376,Blacktorch,1LLBsBehs4XLRJq9arvPaxo8Q7KuXSPrP8,83.33,02/04/2024
673,58.6266341,31.3826576,Northland Cottonsedge,1K9wEULzTBzKfnN4C3nHjLpnRQA8Jzxpbf,55.12,11/27/2023
674,21.660935,109.207335,Hypotrachyna Lichen,19aoeUQ9kBRjcTENMCRHgsHtYDmoR1BJpj,85.92,09/27/2023
675,26.489558,119.549776,Sicyosperma,1HnSPEDeTDAUMFHuCQDcT4T2wXH1Hzrkrc,55.91,03/15/2024
676,55.604205,40.6113806,Hampe's Entodon Moss,1MxmNJQ27MTxRdjSHMFrbHrY9JSuTj3YFd,52.27,05/26/2023
677,55.7,37.58333,Pringle's Clustervine,1ACwg8MwezsAtKUPSApt4ccongMfAevt3G,70.63,01/29/2024
678,38.036815,114.382611,Siberian Pseudoleskeella Moss,1BBUq8wwefGs6VaXFQ5iYKZHJvoWxt7ueZ,79.92,04/13/2024
679,48.167927,115.873421,Small-leaf Pussytoes,1Gto15T9M3ajqteeq5mTZUCtMwUPBje1Td,53.52,04/20/2023
680,36.145932,113.01869,African Basil,1JnbhEmeqs4zXE29wWJqEk3Fznbtc6veoF,81.79,01/27/2024
681,16.78314,43.81265,Wormleaf Stonecrop,1nqs5ydt9faySM8t8TFFkCAkPoNLXrhXN,76.49,03/23/2024
682,-8.0703862,111.8903946,Thelopsis Lichen,1PnTGgL7ruD4Sez3riAz7xg6fEqHspZrzX,92.24,05/03/2023
683,-15.5804435,-59.3800105,Largeflower Goldenweed,1JQuYfCQNPKoK7H9wNn3eJHepymQovUqJB,79.15,07/09/2023
684,41.0451316,-7.5716862,South Wales Wattle,12FyWeXCjYEwzTPY56N3i8ow8x4HRamPUv,86.21,06/17/2023
685,46.0334,-79.34961,Refractohilum Lichen,1LQK6d7Vn4tdw9mHekFw5LJ5B8kUF2Hf9n,60.8,01/12/2024
686,-38.0123723,-57.5938573,Desert Almond,17uD56MW5f9n8xCsNA5RF9CHfFUCwiyQuM,86.06,07/17/2023
687,38.6031664,-9.0785922,Great Plains Flatsedge,1Ctnt8daAxYKQPZUHmH8g4Yk64Xg1NW5n6,58.77,11/16/2023
688,34.9255083,64.1478236,Micromitrium Moss,1BqgAert1w5MSgazthEFmqXCm5hEuVuGrr,71.59,08/20/2023
689,7.9819727,-81.166481,Eurasian Junegrass,1NV9u5C7usHADM6jy4yveNvcSe7LVEfCFo,75.87,06/16/2023
690,3.991663,-73.766129,Neofuscelia Lichen,1H4riSMCiF1mbJwe2U3d7Cu2vmFDi3HkpV,82.99,08/11/2023
691,31.438589,104.618817,Cima Milkvetch,1An2EZfBCyJp8SNdXdKct8miMn9pgSMq6M,53.52,10/16/2023
692,39.877206,115.881215,Yam,1Jz8hougECAE4Ekpwoyz5JZEdf4FM5Fo6b,76.21,09/10/2023
693,55.9240189,38.0011402,Firmleaf Willow,1MRpGpxGtoHWEknH6m4K5XSpybQ8QVZZZt,54.96,12/03/2023
694,-17.4328946,-41.9989718,Biatorella Lichen,132azq8bdYUx7W9KniTvn8effQqoC6dwz8,99.59,04/10/2023
695,13.38333,-13.85,Wholeleaf Indian Paintbrush,1HAKnUU7u1QtGgcy9UaF3eBkKTcmE7opQa,94.24,02/07/2024
696,-26.1514859,28.044486,Marin Dwarf-flax,13AVYTDRuZvUU9k7Lz1AhduouyVuAk94Fy,70.52,04/10/2023
697,27.69965,108.839557,Nutmeg,1D1a8krFbDJ3jd1mednu1abhPfV4i7HGu7,63.5,08/26/2023
698,10.4597466,-66.5581092,Dioscoreophyllum,1KGxuLH2rwSKVkJ96TJAcNwiGLMQdNnZpp,83.85,05/22/2023
699,39.7012988,-8.784267,Arctic Daisy,14mLQ4aeVmwwW6fFAJHias4nuTGkuPzyxh,73.25,10/18/2023
700,48.7717343,2.5030826,Manyleg Knotweed,1M2W3FtAGBrxYGVJHm7AxhBiJuURG9BAec,82.81,10/27/2023
701,-7.5450262,111.6556388,San Carlos Buckwheat,18iF55Gka18J5aom6WxwCscHHLxHw9iZHo,70.19,11/16/2023
702,60.0392991,13.6981276,Blacksamson Echinacea,1AJZjxMtWKstKnMkzCsg21T7ZCZ88cm343,98.64,04/15/2024
703,-6.588201,106.804564,Napali Kona Peperomia,1NjappPzqbDm2f2Ek1XcTEYhuNSny3Ad9y,76.14,11/01/2023
704,41.2592586,-8.3332193,Wahini Noho Mauna,12g7oEHwZjUR6in8FFWesaDGtr1ttRhZHH,73.06,07/15/2023
705,23.090657,113.276884,White Sage,1FHXdSfvDxesDYarVMw6P1XFroaKYNY8Dp,56.81,04/08/2023
706,29.20022,121.479162,Elko Rockcress,1nVcCnF1mvicZMLRDJKgUUsQw33skF54e,80.24,09/25/2023
707,49.5706463,3.6245097,Shy Gilia,16yg3iXNFN3PXLi1Zm3miWdKVHFCqihTTA,88.44,04/10/2024
708,-25.9239093,32.465802,Tetraphis Moss,17am1mKYN8t8bUPQsVqBMqQ2uphio5gBN,74.35,05/01/2023
709,-7.62385,109.23577,Common Gypsyweed,15s8iQ6u9gGmCEFpPPtnvzLo9YPRpsBmib,60.55,03/23/2024
710,26.885704,120.005147,Amazon Canoparmelia Lichen,1Ak31xNSDbs13jv2WLHjNHG1H1yrt5AXwV,60.3,05/08/2023
711,40.5420665,-7.8993756,Grimmia Dry Rock Moss,1LejyzktKZKSrgxY6RweYLqhxvD7bjvDkt,52.53,05/28/2023
712,40.8013178,44.1003659,Canadian Summer Bluet,1JDNENsPgFVpemQArKSYn4a7vyqDVnGa6Y,86.36,04/29/2023
713,52.0546671,27.2119237,Thistle Cholla,173CaxnPkrKxv3T9trsL2bQCdyVAnh4zQQ,60.38,04/13/2023
714,45.212088,130.478187,Utah Fleabane,113842jGrKfrTWwnh4642JoXD9H3U7JsW8,79.0,02/09/2024
715,45.090227,16.0189989,Carter's Buttercup,18a9SfbVrW7E4BF2ef9u5VcQ7eQkVETS2p,86.72,02/04/2024
716,-7.15232,112.90936,Bluntleaf Silverbush,1HJYRFNoxRLgFVY4pSndKrXgCiBrEU2sZ8,52.42,02/10/2024
717,-23.9145043,-46.8486857,Tapertip Onion,13MggLb4S1oUzM4b71PAR7BxjdrmUfafLM,91.2,07/25/2023
718,53.6985264,22.4329027,Gmelina,17eWRmCTWmwKr8KMJyEEgK3oukqDTQbqox,66.72,04/01/2023
719,-2.688962,111.622398,Hooded Lady's Tresses,1Mzcf25ncueZ1PQgA2Nn8yqL3MxeUzi6xx,75.79,08/15/2023
720,15.77511,108.1665855,Elegant Hawksbeard,1PFKmMg58WXdFUHs4kQEFj5PKr4yuzpS7U,87.17,07/06/2023
721,59.1815399,17.5858441,Eaton's Fleabane,1DBMjkr8euLwjQ8mMEPV69cRqmBuxF3y4P,54.22,05/20/2023
722,38.0818216,140.0392974,California Bedstraw,1DQYMa1VGEU7YXfmE9sFEarNDk7ehu7m6s,55.55,02/27/2024
723,39.33333,22.01667,Diamond Maidenhair,1BdzjsxvswhFJxsXcWGG7TEb4eBb8dzUtL,92.62,08/24/2023
724,17.7032238,103.2317225,Imshaugia Lichen,18VEf5vnop16UZLabTYQuHYmCSkZTx8gHL,98.12,12/16/2023
725,-34.0028385,-61.6048678,Crab Apple,1QD2cA5sPeJ3XRan17Eb2uAd7M7xhY7bra,89.3,09/26/2023
726,-6.6409658,106.8030892,Bulbothrix Lichen,1G96Sz1EcpKYo3VfDWBvdLeLKFXoi1F3eR,61.34,07/07/2023
727,-7.2065356,108.7541564,Horizontal Felt Lichen,1H6wuio1BYGBXFa49HBMYWsmMVS7cpjqTd,95.03,08/18/2023
728,-6.8202532,106.8325872,Whisperingbells,18S7MG9D9PFo4T46oop3peUeBBoN8uDjzk,79.96,05/12/2023
729,-10.539,121.8525,Clustered Flatsedge,1E3774h612rkvHwdX97rMizg28hMo1xZqX,94.01,04/29/2023
730,-0.6311749,100.1192169,Black Sagebrush,1ABNMfYeqm349zoMrvMpFhcTCsnPJUTvMA,76.49,05/10/2023
731,2.2155425,99.0349977,Anisomeridium Lichen,18g5a715snkbAcv3r4odWqYxHFEGUBwGdH,63.12,07/08/2023
732,41.10388,-7.1677878,Mediterranean Crownvetch,1MFWhmKK4swZYwcc4DZaR8osURAR4WDGs3,65.77,10/13/2023
733,-4.8798602,-64.7162415,Gordon's Buckwheat,1MMp5yv9t4hEJeGduK4tbvM4MHUGbdh5JY,75.21,12/23/2023
734,-7.3933814,112.7330892,Dwarf Red Blackberry,1Eo7W7qtCvBDqYTcNtVH3ojYcg9XrVD2hV,72.06,03/06/2024
735,27.9937685,120.6784858,Elegant Rockcress,1KFm2h7Aj2jDri3JrjmfekZrr9CgWyNqN6,51.43,09/15/2023
736,57.7824551,12.2632093,Tall Tonguefern,1E2HjpDVRnYjES6utHtYQapAbUa9GaqkQW,53.36,10/28/2023
737,53.8237809,27.8686163,Showy Goldenbanner,1C56Mx3wf72tMDbUPBZq8mBHDQ7NCNXoEz,51.83,04/29/2024
738,-7.0431437,111.3679689,Persian Lilac,1CLMgHP9jAS34QSXZVVkSRyKmY4M9bg5tr,58.26,04/25/2024
739,-29.8990311,-51.0536949,Big-spore Quillwort,1Aus4HEhqPeZ4FoZSt1qoVwQLGVN2vZRzA,78.11,05/18/2023
740,35.4399,48.0736,Anthracothecium Lichen,1BQgQh7MnvQvZhGoUwuzLPz8t7tsCsakQf,94.84,01/07/2024
741,14.5326092,120.99848,Spearleaf Buckwheat,1Ju3ycj3A4xSBBM4Qe8Gr4kWj49AkgYmdy,53.06,10/08/2023
742,52.9978,78.6449,Kauai Sedge,1LEbY86ZMPNJ82P4PnQeYTwPXtd9i1LYjU,76.1,06/10/2023
743,32.060255,118.796877,Mauna Kea Dubautia,17RD8eBWZvCWMpuhY54dSH32QAjSWAGWBX,50.18,02/16/2024
744,60.6302526,28.7309501,Xanthoparmelia Lichen,1ES3Fuhz3BkiSvmqDkb1QZWcseeiuQzUaj,77.34,05/21/2023
745,30.451867,115.265535,Pringle's Bastardsage,14hLYajfopEJDmpEUuTQGyTiUPPzAdpwt1,99.76,04/02/2024
746,38.414217,77.245761,Umbrella Star Orchid,14GPZBY1qqAtKmjRVU7Bd81mKRzJX8rLcf,89.01,11/21/2023
747,39.2586992,-9.3242373,Ross' Pitcher Sage,1Ah2eGyQqVCiP5pbe6uRFzXnad2ewcdPoP,63.09,05/04/2023
748,47.0203676,-68.1435063,Vine Maple,1L5xgDFXvZayc9FLrLshpm4FhadArqewhz,72.65,10/29/2023
749,5.709563,-77.2666969,Drummond's Campion,174zYiYfxQYgqjCnx1snTF7XXm44BGn3q4,71.58,11/03/2023
750,28.151803,109.394445,Myrtle Spurge,179wHHWbVYAA54hXtcMBKc3YxUDTSuQUxB,82.28,10/02/2023
751,-9.0633364,-78.589011,Stiff Blue-eyed Grass,13sniETUC98UMTVLiybc68oBHAKgpzoRjJ,87.5,12/20/2023
752,41.3495192,-8.5704778,Greenstar Sedge,1Bkew5G8YLZZafdJgs9v4b1aX8onJfyLUh,77.55,10/19/2023
753,14.6020624,121.0161088,Bread And Cheese,1AGaDptUK8CmyKHgAdjVk8gP6xPGUT2JVM,53.83,04/18/2024
754,16.877,43.52499,Arizona Pottia Moss,1EcuBqoR3ym8qHYfHvPqAG2KkeUpx5FdL5,80.13,05/23/2023
755,41.5826404,-6.2652906,Douglas' Meadowfoam,1LTeVsptvbSGjqxokCtdw7uPVEDDWGeFA9,92.28,10/30/2023
756,23.296786,113.823135,Hoary Tansyaster,1G7UAuK5sNCusRcXQYCaGU5gLjsYmWKjza,63.99,08/15/2023
757,29.995762,120.586109,Bilobed Grewia,1E26p114zXvFQzz95dLHniV2ZQiWBcPuSt,89.52,09/16/2023
758,10.3089871,123.8905692,Clusterhead,1Cy5vH5pbrg5MCVVRTXsz8ai429KBTPwSG,88.62,01/30/2024
759,6.1360612,10.2572084,Wild Cabbage,1Hs33dLVEuCpzbsZCaD18qhnf486WwWogW,72.7,05/16/2023
760,59.3542694,18.1855698,Flat-top Goldentop,1PN7YHXvu6Qd2tMXVWKdsvb6BYpnY6xjmL,83.3,04/29/2024
761,-32.9701344,-68.8462541,Broadleaf Starflower,16nLCeaowT5eDNu1ZMN6cwRpEhktrRAbrF,60.83,05/29/2023
762,50.3171905,2.801236,Meesia Moss,12Wx2r3mZyffE8LXMiAu9aG8kgDLvxEvN5,91.92,01/09/2024
763,11.0990419,122.6533918,Kellogg's Lewisia,15282doLEwqEoZ7RSnVzrDU8gCYCWoCwsh,70.95,07/06/2023
764,-8.6508134,118.7023068,Cnidoscolus,1Njau5Gc9pvA5cUeo81GxGDBB7bDhnPdBq,88.43,03/16/2024
765,-24.2670414,-52.7241914,Arctic Seashore Willow,1JAsFrT3uM2AMufvZS4Jq6XtQ9AQh1ncR8,74.49,01/08/2024
766,-12.3108043,-76.8138804,California Eryngo,17z7RfmEiRVm4gQucR6WgcEeH5sYZUm6vK,79.72,11/27/2023
767,40.2442315,44.6342209,Woolly Princesplume,15FpKYdS8ynJmeohb1xumVXW5EdUDHhMKr,61.03,04/27/2023
768,60.3560649,5.3446343,Pennyroyal,12YGYRuh6fxqyqXkq9ApmBv5pm2o6sMgUc,51.71,10/26/2023
769,49.4705944,20.1323725,Longleaf Milkweed,18z7qPRphAYZ1jQC1WVkbsqCsARnJv1QiQ,94.2,03/18/2024
770,-1.0645451,103.9608091,Spreading Liverseed Grass,1NGcCr6h4ZuLtoBrsvBkzrSHsifvbEt5nQ,80.98,08/19/2023
771,52.6567115,22.2089639,San Diego Povertyweed,18UgJWT3PGoLkWzGUmn4pHWbQsGFY5qUsZ,81.5,08/01/2023
772,11.4752,124.5324,Florida Orchid,12Mt3q7HPw1pECunex5utjaDdoCrdwKnVD,69.03,03/02/2024
773,-6.6816357,-78.522826,Tropical Puff,1NuWeDNvjDLr7Z4kXMqw8edQe7yNxM5jMW,61.4,08/15/2023
774,45.2977605,2.5135985,Krekre,1Kmny1wE3fwhXUW37AMtx4RaDrurLhC6ao,65.91,09/16/2023
775,45.8235836,20.1844504,Bryum Moss,1BX3udzYnfNbjVxsfuP4GTmXDiTjeqNBaa,58.72,06/23/2023
776,17.06034,122.01514,Treculia,1LsePy9t6ATMMLa5ohkHoHRDwLYFcfvFU,71.23,04/10/2024
777,56.0972538,40.1985263,Parish's Snowberry,1PFzgMg52aTjQUthaWAMsysmZeDnoqJF4L,82.35,08/30/2023
778,22.3179093,-79.6558242,Guatemalan Fir,1FLc6ybb38AeJLbcZMFhUQMqiVc4cuFZzU,70.62,08/07/2023
779,25.60162,103.817356,Hollyleaf Gilia,1GarH1vBzRxGtYvpHbdr6ixNEx17p6yGHu,85.95,04/01/2024
780,-8.0976125,112.700315,Miyoshi's Clubmoss,1AC9qDa83UJQnpYtXm9o4i7PbXN1QpPGNW,59.92,07/11/2023
781,18.4849486,-69.8627901,Nestronia,181mmsCnqb9EYexJfZRpofHDSvU23roww1,89.46,04/26/2023
782,31.172739,115.008163,African Sumac,1BGnJBgnPoc5NvHX9G2qd33cqcDNThzHzu,99.75,10/05/2023
783,39.726929,116.341395,Puerto Rico Manac,1PdMDj84YkJMhp4zURt2hmLDdEu6Ep4WVs,60.05,01/13/2024
784,61.7242142,50.9507271,Golden Gladecress,13oQAXRH2hAi9ELZvrDge4pfNXGagx7Eer,76.26,04/01/2024
785,45.11803,124.823242,Showy Draba,1J3hSX61EQaZJQ8yEcgccKx1nMDvsj4pYW,51.25,08/17/2023
786,24.414825,102.665768,Arctic Poppy,17onjWy1coCMZgyEyuhXQBdxpW7i9JjTJu,90.51,01/15/2024
787,-9.487325,124.5500146,Monterey Spineflower,1GS5h5EX4z3TZaeU2BAaTPwDgU7TF91bQj,96.04,10/19/2023
788,-4.270039,-81.2133262,Cushion Buckwheat,14jnJoZ8mkvaXBVGxDAeCegnHWxkK2iwA3,91.1,01/02/2024
789,33.4749653,132.3056769,Pacific Rhododendron,1E8Do9mCXHsb4AiHtj3FMxytfjrTjtj9bC,78.93,06/07/2023
790,22.141482,113.83012,Copper Zephyrlily,17bLKqUmhspqSHuAhYviFUv5NKvEDKJz9p,92.93,10/28/2023
791,58.2774681,11.4424559,Beachhead Iris,18oYsv8j9jSCCAZKktrc2qADycFbsUQwmY,88.83,11/07/2023
792,34.8582652,33.6007892,Vinegartree,12iTEiHdGCiyLYnesh4Rgrb66pXaLKxdxR,63.97,02/19/2024
793,-16.4443537,-39.0653656,Woodland Rush,19aXTUGRFvw8hMvWuufnsBz5VxykoYPyq6,70.35,04/16/2024
794,-7.8100327,110.3592495,Arkansas Alumroot,1HgGjsP2RgoXhnwiWiDzS63NwKYCLiQg7S,61.68,02/07/2024
795,55.676792,12.5550935,Eyebane,1AckXY7Wygm8syfDwBaSJ79DdMBM95Vz3U,71.74,04/14/2023
796,-25.790615,28.3323137,Chionodoxa,18wBXMM73puxpQJMuomPPqrM4iZhCuKTah,60.3,07/20/2023
797,35.9594106,38.9981052,Johnsen's Orthotrichum Moss,1pw43fZAwNQuD8dJ2GgxH1rQZmQkzXDgQ,56.38,10/18/2023
798,22.5383534,104.2890194,Seashore Plantain,1HJou7NioPoy1FpsWxsT4PaT82r9KcdZWr,70.32,08/09/2023
799,-19.7963816,34.8844867,Crowned Beggarticks,1L49fmsKu6mVaKWQyBFy2gY4iz7SejyRDq,76.19,01/25/2024
800,34.8702789,138.2530386,Plains Springparsley,1EEnLKkGjdCedRoffwZ5KPm7HwCLHb7DRv,89.12,02/28/2024
801,40.2603592,-8.57269,Rugel's Nailwort,1MiqzfzGEoDP7RQfNiUYiQopxjjtrytpc,63.74,07/31/2023
802,-7.1186612,112.4716488,Little Green Sedge,1PWrSz7mHR7PK1pmKzuSKDoN76RUZ36TZM,64.85,09/13/2023
803,58.772417,47.963402,American Mycocalicium Lichen,1KDu8m1LdntrrYKnFADS8Cjy5asq1eSHPg,86.05,07/19/2023
804,49.26811,-100.99669,Bracted Strawflower,1FRap4R9aNJprWfhALG9REeYKMNytKBp3B,61.93,09/19/2023
805,53.153,103.7714,Anise Burnet Saxifrage,1KJPt4fyWprCT1WGeB4gZStgdHpmNWK29L,95.15,03/25/2024
806,0.3740355,9.7734455,Schist Cynodontium Moss,1Dqxqo3AWKCpxCxoknG3pCjCkgJk8BgCtB,66.92,08/10/2023
807,60.3428116,30.4896784,Yerba De Alambre,15zm6zW7hCMBzaK6A2WhdtFZmJhBQ8nu1Z,66.09,03/16/2024
808,32.629398,110.798266,Rubber Rabbitbrush,12XRZB9ZwxENS9CuXx4yqVbptdBNgW2U3S,64.68,01/31/2024
809,2.0772663,100.9241963,Cascarilla,1BpkUP7KNPhhSHNFznxTZhTtduUn5xR4mu,78.71,02/26/2024
810,40.0249257,44.4540632,Whiteflower Prairie Clover,1P42XdEL1xZCSkvKP8TV1Fg5oBtwdPNRnj,93.73,09/12/2023
811,22.843818,114.164223,Pine Green Gentian,123Q1GbuD9xfenzpbBAKyF9TKo9cp3Ydfy,67.42,09/10/2023
812,23.131797,113.407143,Hybrid Willow,1KnLCnXjuJ4vurqYWTmkDgdriauCBkeuir,75.2,08/30/2023
813,39.822507,109.963338,Fishscale Lichen,1Gtuz8Mqw1RsPke52zZduqyi9GpZDQiKYM,69.46,06/02/2023
814,-40.6607937,-72.6131562,Santa Clara Thorn-mint,18g9xHt5nUDM78DJjZbACXWDynq73WTrRv,80.7,08/08/2023
815,25.7829542,88.8982666,Kunana Pepperwort,1MQHSG3j6WDmYCkjZVBgscFE18esroCzov,57.68,12/13/2023
816,46.6511382,16.0834627,Horsetail,17HqPadQjCwZ9ZC8s5Mgvs63MHwbfLi998,68.8,04/21/2024
817,24.117102,117.613808,Limestone Spike-rush,1ANdji9fWNeNDJhCD6KcyRkh9W93wyiRo3,86.69,06/13/2023
818,14.5473421,120.997522,Staghorn Sumac,12vomQatNC6iunRqk2Xa6vvZFtbNbpZJdK,53.8,07/17/2023
819,39.8032712,113.9849159,Pseudorontium,1Jy9vYKaMUFZpiBuXsQLhrrCeGhMqE6GWy,99.28,01/15/2024
820,56.4874279,103.9655476,Rose Thistle,12ZTGHiTYMzEo1V1bwG6bPMwgrCaivnPTo,57.38,01/19/2024
821,54.3191956,62.5910092,Stanley Creek Draba,17KdypP7NT3A5pwYDmQudeG5XCxN3d6yb6,66.98,05/31/2023
822,33.8629813,65.7609502,Alpine Alumroot,1F8DmFrS4jYAYtX5qU4x2qi2mtq5in8i4d,90.87,07/21/2023
823,-9.68,124.7403,San Pedro Daisy,1PgKmXkoBrnPR9MV4fmMEgN4WiG3SNgWeQ,55.98,12/22/2023
824,-32.9321855,-60.7222767,Alpine Azalea,12CssdFKgikwgLqhfctaXKdCupg97j4zWu,73.45,04/24/2023
825,50.34349,17.99097,Glowvine,1DnEWeVeKdcK6scbu8fKcVoAsRYeR5izZu,99.66,12/04/2023
826,18.9120012,-70.7490939,Mountain Ashdaisy,1LDJYgXxgQKt9PqjbbaM1ezMX86hWDSn54,88.54,02/19/2024
827,-4.2596751,-43.0182166,Needle Lichen,1KLh23EZyrVvMjY6SCcuysaYKN11SKnDG1,76.2,04/11/2024
828,31.850989,35.183103,Rauiella Moss,1P1RVmRYhBnH7A71ee1iigeL7G5t6U14nm,58.67,09/14/2023
829,42.25785,118.886931,Bedgrass,1DPMsKh9fv81DRW4LpFu6jGGN23wBpCMPV,74.51,10/20/2023
830,3.191408,113.088634,Heller's Rosette Grass,133qYBBX6agtzVtM6E1Ba3AQBm24tSAn5a,79.56,10/23/2023
831,56.1908828,14.776605,Grimmia Dry Rock Moss,1HDPnm7CvbuGM64G6Xd4G6mhnXQj5A8VFq,81.86,01/03/2024
832,-18.0580139,13.8361177,Don Quixote's Lace,19YFpdH8vNziXs2YPhkzDqWJcVHDYYTfFj,87.92,05/10/2023
833,7.4700828,80.0472702,Nodding Semaphoregrass,1CRofkSv8d6k8euLvvNAuuaJMA3eGFC7V6,56.26,01/14/2024
834,14.5257818,20.9238397,Antitrichia Moss,1KFYfVvB5T4gPusuYCoKAxiPmGW7W7MwBg,86.63,02/22/2024
835,14.5179897,-17.0096553,Royal Fleabane,1DbznZs3kS1Qv3D6WFPQnQGGg3t7tnEMNe,64.52,09/27/2023
836,-6.9140488,107.6050316,Orcutt's Brome,17ZUNDFhKNdqJhaXBUWpP7EaePgCh2SpRe,87.16,01/31/2024
837,25.983202,107.869749,Hybrid Locust,1FwzJN3NE4TfMNWktvjvbgKVvQFUyYjUSP,87.75,09/02/2023
838,22.000143,100.771678,Isely's Milkvetch,1CSRmUHfUrNwpHonWtWpacihq2aKmP4XpA,94.35,12/14/2023
839,-11.4077673,-69.4887886,Palisot's Calymperes Moss,1CVnuHnQv5Fbem16PP9rS3BqE3tNG4Kw9K,67.17,01/20/2024
840,-7.811056,108.438797,Mountain Aster,15HmYK1SLi8iyoNPXxmVUHyW9AMpfhAX5h,98.02,03/06/2024
841,41.806843,123.50114,Physicnut,14iCMVszHXrJyDU5f4e1TFhTQNPussVCPw,59.04,10/07/2023
842,9.561219,123.777644,Heartshape False Pickerelweed,1LRNPHSikjxj21GmRUMP9f7LaFT3YGcgRt,61.51,02/07/2024
843,51.3305246,6.7625867,White Arctic Mountain Heather,1CrGSDzzSgPP5mHRZjQdVGQ6WASbcDrTkZ,75.9,08/27/2023
844,37.429832,110.88907,Graceful Midsorus Fern,16zDL1wzwRc13a3JYHFdXGJ2SCqEuTy9gB,91.43,11/07/2023
845,-33.8298782,20.0509216,Stinking Milkvetch,1M6BSgE7dcMmfRVeJHY683iSdKBVXjVsjc,53.64,10/25/2023
846,31.7338222,118.8719394,Marsh Lady's Tresses,19yBpwCBVoY8WAHPXaqAhskoLNdcgf78D2,75.99,07/29/2023
847,2.9405941,9.9101915,High-plains Beeblossom,1C5F91aB1gGUUDMC1wjigsFB13JGa1c9R5,93.78,06/15/2023
848,48.0398428,30.9521026,California Milkweed,1BgdDju14MqWGAzWVSSeqJeU8nzEZMrKDH,66.32,11/30/2023
849,31.1853497,35.7047733,Hypnum Moss,1AawN33c6Nr4mB5GwFYgrGA2Xgn6DtNqit,51.57,01/04/2024
850,46.272758,-79.4298653,Subalpine Goldenbush,19xx2rb2QH4iPpP3jMjy98x4nfqmArF3V9,81.57,09/28/2023
851,51.3833046,58.9769955,Sharpkeel Milkvetch,1JBWRxrZ8HNFFxjRM4hw1QMii3MktJzsRR,96.74,01/16/2024
852,40.608793,115.099494,Baker's Phacelia,1DRgsRRC7hA34DJtJcoKos6V6tCz1Bqc2B,78.57,06/16/2023
853,16.1344075,102.2090224,Slender Scratchdaisy,1QDD4ArwyS1ZHiS1MzPHzL54ZP6awQy3mC,65.79,01/10/2024
854,-20.8097593,27.2029363,Hilograss,1PGLbT4YqQz8458LFZiZzXaS57KKsEpx2s,79.89,05/28/2023
855,-22.4803601,-46.633882,Texas Trumpets,1H4YL1Yzb2jiFFtiGKqzFPe2fQc4QwN4mY,60.02,07/02/2023
856,4.5385626,12.0204247,Sourthern Woodrush,18ZoAMVaG6fkkPTkrH1XDoKgqtV2mqqePV,56.57,05/19/2023
857,51.0389656,21.0648754,Grassland Blazingstar,18Z1xqYz4ZEjLY5YJ1NQcG6EdGq889Kguc,78.58,06/01/2023
858,49.7624347,19.0904515,Common Bluecup,158HuWFrY84butjHRbWDMsBXu7eL9yACoM,96.21,10/08/2023
859,25.7564471,-80.2056382,Pilose Phyllostegia,1GkAxtR531AHLd38cdzGMxff4pvvVDe1jT,65.79,04/08/2023
860,34.477861,110.084789,Cape Honeysuckle,1BGyJdfw57yohJejA9wAYimApHdPJp5gH5,91.33,01/29/2024
861,-8.9444808,-35.2807624,Myriotrema Lichen,1NuoYuQYUX9SGRZnYW5jorzNg4zmj4Bgfm,62.7,09/27/2023
862,15.2388086,103.9131975,Depressed Ipomopsis,1KXZGzeXQzWxYXjm1EGaPGrPi7PgJgBvMb,84.41,12/09/2023
863,32.748741,103.82319,Smallflower Phyllostegia,1EtnXqhtHsUiRq3k2Z7c7kfu8BcCRWgPss,63.36,06/10/2023
864,49.9776657,20.9421091,Twoleaf Senna,1EQpopYE6c9igbVtYsgYkQEirwpDhyYsNU,51.51,08/21/2023
865,32.890479,115.814504,Dwarf Pawpaw,12g8r2kTkWykbhPU2T2ntjzMhdcY4ydrgH,89.98,12/22/2023
866,48.6768262,14.5775257,Honeysweet,1KJcRQ96KPJYcv91R7iM9xekwdF7Qh4nAZ,94.66,04/04/2023
867,52.3620932,16.8088394,Disc Lichen,1M2nUptAkgxH3CpzK5Ez9Wj6HFmRqqC1qF,50.25,12/24/2023
868,32.6963741,128.841093,Ivyleaf Thoroughwort,17355tTArwDkeSCmQdaMWpiPbwzocemmJT,99.12,03/12/2024
869,0.114047,29.3018011,Retama,1NZp2Mczz52pG5JQQAfNZ1CtCSTEvdjWRj,62.84,12/29/2023
870,55.5934626,37.1554477,Bill Williams Mountain Giant Hyssop,1CRyCfrM2zz4cWnGyDe9mLwW23CNzgPuYj,81.34,03/21/2024
871,-16.7918481,47.6479775,Broom-like Ragwort,1KFgEki1jQpvXp65jXki2AGmsCGBUyvmEM,71.03,10/09/2023
872,35.90556,14.47611,Mayapple,1A9uMTKiyqeDfHHg8Y7Z4nMxbL74ThFisn,61.87,09/10/2023
873,11.4218134,122.6653777,Gray's Lily,1CPmyP6JXzAWu88zFJSxMBo9nM3PW6wWgG,75.45,08/05/2023
874,-19.4707617,-42.5480125,Talayote,1MSV5FfiYaKx5Uxs2sgMGMuiWELK2xbKZd,58.02,01/31/2024
875,14.024307,35.3685679,Rimmed Lichen,1AUma1d1NSmTMW81dt1H1BxYEYqohvqHP2,74.18,10/06/2023
876,-8.6704582,115.2126293,Field Rose,1FEihgJAhES3Wj2X44Afn6wmurXVjZWUB2,66.89,07/14/2023
877,57.9901314,56.2090194,Goldenthread,1EGkRKkaLSqzpxmz5ifm91GLrcP4ijykJy,50.94,09/30/2023
878,49.1409438,14.3459973,Slimspike Prairie Clover,1BovH6D4cYcYxU2YgyuikWCDr3iXvMBz9v,89.23,02/24/2024
879,-6.8962844,112.2205183,West Indian Walnut,1eLfALEumJi6zhpQJu5GZT5JandLBiZGw,64.01,01/21/2024
880,59.2916062,18.2637328,Bristly Fiddleneck,1NhzwdpJznNW8Kj6LETnq61ukWrX4JwNQN,96.57,06/03/2023
881,39.928353,116.416357,Chisos Mountain Century Plant,1FcKYfbSqGyNK1GDL8e6mAcePj8w8bh9Sd,98.19,03/29/2024
882,-15.0738149,-44.1340439,American Bluehearts,1EXf8gYCbjMvmQyqNZ3NQGfzXCL3v8JBJr,89.18,05/15/2023
883,39.618462,113.536462,Guatemalan Gamagrass,14zDQHJdymXsQsmQAmvrPivWE22hNA7p3P,50.68,01/24/2024
884,14.49052,44.13108,Streambank Lipfern,17WoegwfgLVz23AuYFZ1TjfjT3G5eVX2yn,94.02,07/30/2023
885,-38.7029444,-62.2654522,Hawai'i Birdnest Fern,1DMJNe5XoA8ekoWNqdTV7dhHixixDmfdfj,87.77,06/07/2023
886,27.5277132,57.8651371,Trout Creek Milkvetch,1K2TSpqJQ5o7BGduqWA6XhDtt1yEZbgdsZ,70.19,03/25/2024
887,-8.1807254,113.6055854,Flaky Juniper,1CziJcVmYYVUqWbuFX5y6dw5NsT6fQ5nrU,92.61,03/02/2024
888,-6.927607,107.663944,Sprenger's Asparagus Fern,16gbCjZgzCoHTfUZ3PzDEGuqiaZ9GqLHE9,70.21,01/29/2024
889,54.4515199,101.1756457,Spiked Ipomopsis,1yNdvv8WhSKS3HGyEgC3419dFPYAR5moB,91.5,06/23/2023
890,52.216745,0.1405602,Juniper Polytrichum Moss,1JWHj7kVkCf7MgBFagLbcb9Qhe7pBjnNMD,78.78,08/24/2023
891,46.254048,16.2368405,Pitted Beardgrass,1PhM9FiTZBTr75RxzRyHZroaGiG7oYoUTk,97.01,07/30/2023
892,47.0132508,29.6697768,Lanceleaf Sage,1UH6aS4j7iw3GBGkY86d2d95KuDQiHts7,60.92,09/06/2023
893,3.1158378,98.9952406,Wilson's Strigula Lichen,1AgmmFhhxBtfTkqaHyboMEy6oXBi1Z5GtE,78.51,04/10/2023
894,55.7727774,13.0021225,Broadleaf False Carrot,1BBzgRt9j6NNXzFrXpeER4CEwMTzC2cV9L,60.84,05/15/2023
895,10.9015165,-64.0857232,Sandwort Microcalicium Lichen,12f7JKqAUkEyrhcdMzpXht7KobS7YxvhBX,70.56,02/16/2024
896,38.0162314,-8.6956768,Indian Tobacco,1FW2G8UUjjwxbkDWSFM8LiiK91PAMAPwGr,55.49,01/21/2024
897,27.517896,109.213644,Twayblade,164aqxxxtSAz6kW6PFARwC1r94xgv9Jtaw,50.9,05/21/2023
898,-8.3568079,114.5806885,Ortegon,12KJk3mzVvRr8PDvvEFjodTMKAgUisbuSh,77.49,03/31/2024
899,-5.096602,119.4744572,Hybrid Plum,1ACxG4hg3RoT3KyNAq6BcGfUnEKKDk3fC6,95.63,01/03/2024
900,53.8996586,-6.391149,Santa Rita Mountain Draba,19YAPhfQ4uYEjDN1JkEKkfNUfzRKYi2KJT,53.79,07/14/2023
901,-8.498277,115.0550008,Wormseed,12MassS2Yn33qs7WnjekTajFQwd2sPJs76,57.76,08/31/2023
902,-7.503663,110.271099,Sandblossoms,1PvNYbcFc7vjEMR1LU1gNP4VrrpdaANSnf,83.33,04/02/2023
903,40.6300635,-8.581189,Tree Seaside Tansy,1D7pn7A647Db1t1Kdp1yjuNN2xmsfksBU9,83.35,01/04/2024
904,8.2192683,5.5066242,Juniper Globemallow,13gjtfTFQ1LpDRV3GqzkDS3LCs3BAwBhQH,97.71,10/12/2023
905,41.7195748,21.7669761,Parish's Rabbitbrush,1Q9En2hWHQG7bw3zXD4WVLe6ZWS2JFGapa,92.31,12/25/2023
906,64.0128827,11.496376,White River Coraldrops,1E6fFpvGdvYFG83WMf7SiRHDEqaqLJRUQS,78.95,06/22/2023
907,18.4562829,-77.3266991,Brigantiaea Lichen,1Hi3NYoVYybqcW4LHNyFZKfEAUW9V3zUVd,86.02,05/26/2023
908,38.03,106.317671,Twotooth Buckwheat,16t2zkiib5DVm7bWso3yUVmsnq6NXjTk3n,70.14,08/15/2023
909,30.9422647,30.8157423,Littletooth Sedge,1Hnju444vhaKRcMqBD6hvqKVVU6sSE4zsq,80.09,03/08/2024
910,-8.7765432,116.5093719,Veiny Pea,1LNiKjKCJ9K8Xrqjusdg6Qj3cwreuvzeF7,97.03,12/18/2023
911,23.150928,113.347193,Violet Tree,13ZLNUvvb4WDgrPmYMkSajf4JVgmnotqLd,88.47,08/01/2023
912,-12.868355,-72.6919814,Seacliff Buckwheat,14Q6DGNx3yY155nsUnphZNndCAmZ6817mQ,67.26,07/31/2023
913,32.9454027,-117.2399868,Lotus Milkvetch,17RRW3HbmNpk4rFFUXqPdHwg1r2ndec2Uk,72.03,06/06/2023
914,5.8228231,125.2060456,Milkwort Jewelflower,1P2xVKZeULqQXm1kQvPMUMAs42X7s9JNE7,82.6,04/27/2024
915,27.517896,109.213644,Siskiyou Mariposa Lily,1NbMgEHNke12YmoobNLSrJnKDM21UDLmP9,95.25,09/24/2023
916,55.8547803,47.4687165,Desert Lupine,15wAQtXpbHTHPz4SQkCBFzt8MxEpHpTkL2,68.55,04/22/2024
917,-34.6824081,-58.5146668,Hymenelia Lichen,1AZRTeeG4PXxm1yL8ba5HspUKBNHQAXmvR,94.36,09/06/2023
918,13.3656061,123.3810275,Holio,1DNTZr5qdjnLi2taumgDy8uZC76JQNGSdp,66.16,03/02/2024
919,38.5385973,-121.6954666,Largeflower Townsend Daisy,18kUZGqpkxezj1FQS4cSnXR5uWqBPAKYhE,78.94,03/08/2024
920,56.8969576,36.0524154,Aleutian Selfheal,1NWyDkcGgUvt25ENrjqQtQVC5r7wgJ2tTR,79.14,06/02/2023
921,28.188415,112.290474,Wand Mullein,1D8T8j9FYwuVn7WSZABnmrH1FMdSv4Ryt4,64.59,07/10/2023
922,-32.232355,-64.442428,Littleflower Penstemon,1GWXVZgrwwcRZuhQoLJpTx7rg9g2vdDFov,50.57,07/30/2023
923,38.143169,117.497651,Pink Woodsorrel,1GBVahjD4KoB28W2zNqtNShnA4mKUCegqL,72.69,08/20/2023
924,5.2991829,-72.9696779,San Joaquin Tarweed,1PwFEcwhCUG9Coa11DS2pkKnKQY1JzMDMw,95.53,11/24/2023
925,34.326903,108.117456,Mountain Ricegrass,1EZA6EMtV2ChDqXAkgu6x4ELbZTQBoxdw5,99.25,03/01/2024
926,-21.2922593,-50.3407923,Modoc Hawksbeard,1CzGALW6LRTMP5hHnxUqvap1aUxDEddoCU,79.03,08/30/2023
927,14.0790439,5.956825,Turpentine Tree,1GCpuW5Wqr9B2hgxiMGq8it6sUJuX4Sd5U,66.97,09/25/2023
928,6.1244023,100.3674801,Flaming Trumpet,1PZyJRcG98XCGzmGo2XZWNfPGKz4pQNbZ9,91.17,02/02/2024
929,41.6929759,-8.2060587,Annual Candytuft,1N4UsfHXSeH7NagEtpugdupxmWonZLhMub,81.83,01/13/2024
930,22.7686569,-81.0174917,Ladyfinger Cactus,1NgRU2mk1Pcc4mse4kGo92Z6pZdZWUZDNe,90.35,04/25/2023
931,7.897581,123.768678,Japanese Chestnut,15XTqVRiy7qYuWJU7jfz1xkp2DK9Dg5Kyv,89.51,11/18/2023
932,-3.3060598,128.9615888,Island Babyboot Orchid,1QFc8T8worNeKQ4srWsWLipj3GJHuHMWT2,51.17,03/24/2024
933,29.202542,121.931606,Round Cardamom,1H1MAmwQ4aqBTz6zJisJwbkmYuGifX5EiE,98.13,11/26/2023
934,15.6594009,120.5306172,Sudan Raphia Palm,1BoSHn2AhzsQgCY9bn4983Wixt9JHuvnBT,71.95,09/16/2023
935,38.8525512,-94.4079213,Prostrate Sandmat,16GLh9gFGxx3zeXVC4bZXsbLRTSYxUKFun,85.29,04/24/2024
936,54.7767925,56.0399438,Cows Clover,15rRvQUxqdvjULMZDHkdqeGzBLJff8vPUy,81.63,07/22/2023
937,41.9837685,43.5865947,Small Pondweed,1D3rnxYFFEbDTYjtz8XtUWB7BdLTEU17z6,85.06,05/09/2023
938,4.874181,-75.170429,Flaming Trumpet,19A57EBFQ8xviyFJKjY3PBf5itNzNWKxV6,68.19,11/21/2023
939,58.5563017,15.0091903,Arctodupontia,1J5U5iQHEphxYcFAsFLYWivkrGvh9sDqrY,97.19,03/01/2024
940,40.4581279,49.9843941,Toano Milkvetch,1FxFhr4asUHto92yaziEkJbYp3PkxRGiLd,78.77,06/14/2023
941,50.05998,21.8324138,Tall Silverbush,1NfnKpMa8f3cBHg9SRrMKWS1Mog4EnuCsf,86.06,04/04/2024
942,39.7702467,21.1828612,Lanai Colicwood,1GJxzZHK4ktECKJfLX1KuaVhorPnrTMQyQ,65.32,04/13/2024
943,49.9112092,16.7105196,Baltimore Flavoparmelia Lichen,15iihAbf2KYFhtkbvhGY3SAmnbPKJVKseq,98.17,07/13/2023
944,43.5594247,43.4277773,Alpine-ash,1J9xxV3kEWWnnbasjQHHRnHjQ3mp3BppvM,89.23,06/09/2023
945,34.0237477,131.9348946,Wigandia,1Ckdo1DRxfZzTnLLyh2u1JdRVKUBhDFmKs,68.58,05/24/2023
946,23.018033,-82.3343375,Desert Mariposa Lily,1JLdvxWG8nsC4kgKru6dU9GvAwTNeLW87c,74.85,02/19/2024
947,48.455754,-123.3599687,Southwest Fescue,18FWAbBtYoqW17f3VR4W2nGkCbjx95VGWD,66.01,01/08/2024
948,31.2823103,121.5045889,False Sicklepod,12SUKTFuuH7TJhpKJN4p6MtNg12ZxMgNhb,98.84,01/24/2024
949,54.2690259,21.0143445,Riverswamp Nutrush,1LctY8jTE8SGrBK3zpfaf2dThW7ToacCeQ,77.87,05/04/2023
950,42.009313,20.9713986,Royal Star Orchid,1AKkqFKPNEXSbyxLBPQztB8ueAg77iASjY,68.46,01/03/2024
951,35.1148773,33.1435877,Compact White Sage,16H3M5N4fiN1cNLLznoSptsbL4CpNkwkug,99.08,04/24/2024
952,54.76778,42.27111,Psilopilum Moss,1C4fT5NNdGVwaDY1VT2Cd5YkUTJ9A3334T,99.14,02/20/2024
953,-6.8637417,107.5902556,Eggshape Melicope,1F1kumHYR82DsKUvpyXGugKGkV43CxnSYb,92.97,11/13/2023
954,23.992676,115.703598,Monkshoodvine,1EeWG9G3yLQB2Cbf2us7EVwzs31Uz2QKNT,67.05,06/10/2023
955,-31.4540779,-64.1673375,Triphasia,14bJTqbzHT4xfcz49eNJYJMthJoDCJnWP4,73.92,09/17/2023
956,43.6368159,-79.7119419,Summer Spurge,15T7gG4ZjgWMbWDrgegCZDEj7eYoUo46Qg,65.64,02/18/2024
957,4.9497479,-75.958017,Spleenwort Cyanea,1MnMdpCkA5uqkdKgMD9iGCPN5QTZ1XLCBN,59.02,11/18/2023
958,21.660935,109.207335,Blue-tulip,1GWH3h74Gvqy3LTUdiUB8UKyQ98avHRz8f,92.47,09/17/2023
959,-8.098672,-77.494621,Northern Clarkia,14fV9UZobdsemDh8vsH7otrrJkLQLS9m7v,73.9,07/06/2023
960,48.3842974,25.5058522,Praxelis,1G7ZB8gUaUGCjeFAvh7DDBrkfMbKf3ZANf,89.19,04/03/2023
961,45.1604718,14.7725567,Showy Alpine Ragwort,167gM9Ld8DAyxoJFDyTuG6frJn9ccctMJC,79.3,08/29/2023
962,21.6495224,-79.2451149,Pope's Phacelia,1GiCA7CLhReFvWMF1WQFTQ28yNBydZKrt3,96.74,02/26/2024
963,39.109563,117.223371,Mountain Woodsorrel,19fzm7Bg83vYSkMeLh5EDeBgr6iChuuXb2,64.68,07/04/2023
964,51.1329676,6.4449432,Link's Coenogonium Lichen,1MRFcjzLt2HvueF2N11z9Cxjx7YRgb2SvS,88.5,06/28/2023
965,-20.0791909,30.8384093,Standing-cypress,14jtmpBncEry9MFN8ckS2R4ywAuGNQoyZW,79.77,05/28/2023
966,22.5397224,114.1114725,Bird Vetch,1wm9uWN4gVY96fTRrKeXLWWCXMRKkdgdr,74.76,07/13/2023
967,49.039076,2.074954,Pale Rush,1AQ3jAgK93FqAg5eQroqSTB8a2kM4At5Wq,84.96,11/01/2023
968,49.6000083,15.8302054,Nordenskioeld's Rim Lichen,12Qf1D91hrYvAnPEzAfwWZwLzZnk2xU2HP,66.66,06/02/2023
969,50.7193517,15.1765093,Dames Rocket,1C42jx9BhPhLaoEZ6WFq7zX47fs5mAUVHA,53.56,12/18/2023
970,22.0293,107.632598,Skult's Shield Lichen,18gMvXsJq2XteSGkECJvj73inZzNebKTjj,96.2,04/25/2023
971,30.741991,121.341969,Intense Light And Dark Lichen,1HV8c5YCbFLWqzn1We1fodrPf9Z8exCwGf,99.17,03/24/2024
972,55.7242814,37.1853286,Hybrid Willow,1E4mRLnj1BWASZSzmnJBLBdUspRXxnoS4x,92.61,12/17/2023
973,-15.61532,-43.59187,Mojave Kingcup Cactus,18q1xXx1izbUxwNZ7JZUkkMtAJtFAySw8w,98.09,08/08/2023
974,50.0384685,22.0969371,Common Yarrow,141vkyCR8EtnveJwkDBZRA9ApxG2LPH2Vo,77.35,05/04/2023
975,10.2453984,-74.041805,Garden Baby's-breath,1EBjbLf5K9KXEEX3TPaaUhJZRYaPJg1f4e,58.24,04/11/2023
976,-7.590458,109.1077389,Threetooth Blazingstar,16qrz7NaKP4Ri45sud1qAuPPLHNTHwSj2M,87.58,05/17/2023
977,43.10528,46.19045,Quinine,1PUoykP43GFRPDn3fnKcvGnPS7X1ihLFVQ,91.75,10/31/2023
978,37.0398003,137.8674573,Forest Stenogyne,1GZ411X2SqvRMTMRWpkzc8aL7Yvrw8QWLc,79.02,08/07/2023
979,-32.7021934,-57.6382382,Appalachian Bugbane,1J9xnPRVREn3BQowukWX8cuUDznX3SRDrn,67.06,04/26/2023
980,-15.6835726,-72.2704277,Bill Williams Mountain Giant Hyssop,1JgwiPAkH99vYWmMr7W85HegBu572rDqsc,52.87,04/15/2024
981,19.6775885,-73.3266559,Island Sagebrush,1ANNY7YHybs8zUJ5TFwhnL96KtyeJN1Gsg,65.73,12/30/2023
982,28.11579,119.573397,Media Sandspurry,1QHsDuBSDLg7A43ssEoczupHyEjcqrCQS,63.35,04/24/2023
983,-12.7414031,-60.1304566,King's Sandwort,19Gm4mwx71EscdNaq6SzkKEk7U7jY7dKyE,94.66,08/04/2023
984,45.8309803,94.80205,Spotted Stickseed,1B8WhVL1qTmEaRxK5Xiz6YpdRdZth7mz9f,90.91,03/25/2024
985,44.0300904,43.1270513,Texas Madrone,1LK9ACupDmS94ifQTvpfJs4ZGN5isDcjxk,97.49,08/28/2023
986,10.4347941,45.0139904,Wart Lichen,153BNpKxFATVKGP1rrWMzhLgFJPgbc6Wun,90.8,08/27/2023
987,34.3507417,135.6964987,Tuber Anemone,1513VDc85hUNFkt1ukdDfptY2DDXi7rNAx,89.43,01/29/2024
988,11.6497994,4.0644352,Pitscale Grass,131kv5jrXxTfWk5MTdFP9ssqf7CUY6P4ir,62.13,02/11/2024
989,48.967159,17.0279282,Arctic Brome,1L5ozvLuaaKWDuAwty9jZjYpdU6ZVoL2cN,63.35,09/27/2023
990,-4.722383,104.447701,Dendroalsia Moss,19kne5h4GA8AtEGkjYjUidWfDcz6X1bewP,64.8,12/31/2023
991,35.303704,113.926763,Kurile Larch,1EWHaz6UuVskQ36zUaoraH6U2FctQrmxTL,88.99,07/27/2023
992,40.8449853,-7.939099,Mycomicrothelia Lichen,1Nd79dogqLkLLyuGr9YgacSF1tqPQopmj3,92.14,01/16/2024
993,-6.1560113,106.90896,Stenocybe Lichen,1FYoYbX5TU3GFviRPfvgwAmrj5ZtSHYNn7,72.14,03/28/2024
994,30.150684,115.134207,Arrowleaf Violet,1AH792zVqQ1ihKQxWK2Zs5s89spnyFXqWf,54.34,01/19/2024
995,-6.1519535,106.4302811,Alpine Aster,13i41QasfhXyZwZQZYXZpS1rYRcrNadyZn,75.33,10/23/2023
996,-34.6906944,-58.601544,Sawtooth Sage,1A68jSWU9aMX6LzeEFXvgDNjBUeH6fgy4,83.34,04/06/2023
997,-19.0764128,-42.5478901,California Goldenbanner,1D5NAygBgwv4XoBGprRXz5K4K7Vi1z9iqR,67.25,10/24/2023
998,-2.982802,119.663002,Sierra Slender Sedge,1Nf3wBHeG19bAt8mJjSuKe2xvGt8aSG2Kv,83.66,02/15/2024
999,14.6099284,121.0348405,Klamath Plum,1MfCzkKHfK7cAXa6EP9xzpVtj4pZdho9Yi,67.0,02/10/2024
1000,35.9240269,-78.5829504,Island Bushmint,12WcZpnKJPxRyewDckUdPd99tXdnfkS9CM,62.92,03/11/2024
